BALINERAS,BALINERA SKF EXTERIOR,,400065,BALINERA SKF 6313 ZC3 SIN SELLO,PRODUCTO
BALINERAS,BALINERA SKF EXTERIOR,,400068,BALINERA SKF 6311 LLU (2RS),PRODUCTO
BALINERAS,BALINERA SKF EXTERIOR,,400080,BALINERA SKF 6207 2Z,PRODUCTO
BALINERAS,BALINERA SKF EXTERIOR,,400084,BALINERA SKF 6208 LLU (2RS),PRODUCTO
BALINERAS,BALINERA SKF EXTERIOR,,400088,BALINERA SKF 6310 ZC3 SIN SELLO,PRODUCTO
BALINERAS,BALINERA SKF EXTERIOR,,400093,BALINERA SKF 6312 ZZ,PRODUCTO
BALINERAS,BALINERA SKF EXTERIOR,,400099,BALINERA SKF 6312 LLU (2RS),PRODUCTO
BALINERAS,BALINERA SKF EXTERIOR,,400138,BALINERA SKF 6203 LLU (2RS),PRODUCTO
BALINERAS,BALINERA SKF EXTERIOR,,400153,BALINERA SKF 6210 LLU (2RS),PRODUCTO
BALINERAS,BALINERA SKF EXTERIOR,,400161,BALINERA SKF 6005 2Z/C3,PRODUCTO
BALINERAS,BALINERA SKF EXTERIOR,,400162,BALINERA SKF 6202 LLU (2RS),PRODUCTO
BALINERAS,BALINERA SKF EXTERIOR,,400164,BALINERA SKF 6201 LLU (2RS),PRODUCTO
BALINERAS,BALINERA SKF EXTERIOR,,400166,BALINERA SKF 6201 2Z,PRODUCTO
BALINERAS,BALINERA SKF EXTERIOR,,400167,BALINERA SKF 6202 ZZ,PRODUCTO
BALINERAS,BALINERA SKF EXTERIOR,,400168,BALINERA SKF 6203 2Z,PRODUCTO
BALINERAS,BALINERA SKF EXTERIOR,,400169,BALINERA SKF 6312 2Z/C3,PRODUCTO
BALINERAS,BALINERA SKF EXTERIOR,,400170,BALINERA SKF 6210 ZZ,PRODUCTO
BALINERAS,BALINERA SKF EXTERIOR,,400172,BALINERA SKF 6205 2Z,PRODUCTO
BALINERAS,BALINERA SKF EXTERIOR,,400173,BALINERA SKF 6205 LLU (2RS),PRODUCTO
BALINERAS,BALINERA SKF EXTERIOR,,400177,BALINERA SKF 6204 2Z/C3,PRODUCTO
BALINERAS,BALINERA SKF EXTERIOR,,400187,BALINERA SKF 6311 ZZ,PRODUCTO
BALINERAS,BALINERA SKF EXTERIOR,,400189,BALINERA SKF 6314 ZC3 SIN SELLO,PRODUCTO
BALINERAS,BALINERA SKF EXTERIOR,,400191,BALINERA SKF 6309 LLU,PRODUCTO
BALINERAS,BALINERA SKF EXTERIOR,,400193,BALINERA SKF 6308 LLU (2RS),PRODUCTO
BALINERAS,BALINERA SKF EXTERIOR,,400203,BALINERA SKF 6309 LLU (2RS),PRODUCTO
BALINERAS,BALINERA SKF EXTERIOR,,400205,BALINERA SKF 6309 2Z,PRODUCTO
BALINERAS,BALINERA SKF EXTERIOR,,400209,BALINERA SKF 6310 2Z,PRODUCTO
BALINERAS,BALINERA SKF EXTERIOR,,400211,BALINERA SKF 6206 2Z,PRODUCTO
BALINERAS,BALINERA SKF EXTERIOR,,400212,BALINERA SKF 6207 ZC3,PRODUCTO
BALINERAS,BALINERA SKF EXTERIOR,,400215,BALINERA SKF 6209 ZZ,PRODUCTO
BALINERAS,BALINERA SKF EXTERIOR,,400218,BALINERA SKF 6209 ZC3 SIN SELLO,PRODUCTO
BALINERAS,BALINERA SKF EXTERIOR,,400221,BALINERA SKF 6208 ZC3 SIN SELLO,PRODUCTO
BALINERAS,BALINERA SKF EXTERIOR,,400300,BALINERA SKF 6309 ZC3 SIN SELLO,PRODUCTO
BALINERAS,BALINERA SKF EXTERIOR,,400340,BALINERA SKF 6000 ZZ,PRODUCTO
BALINERAS,BALINERA SKF EXTERIOR,,400341,BALINERA SKF 6000 LLU (2RS),PRODUCTO
BALINERAS,BALINERA SKF EXTERIOR,,400342,BALINERA SKF 6001 ZZ,PRODUCTO
BALINERAS,BALINERA SKF EXTERIOR,,400343,BALINERA SKF 6001 LLU (2RS),PRODUCTO
BALINERAS,BALINERA SKF EXTERIOR,,400344,BALINERA SKF 6002 2Z,PRODUCTO
BALINERAS,BALINERAS,,400158,BALINERA 3204 A-2RSITN9 (5204),PRODUCTO
BALINERAS,BALINERAS,,400291,BALINERA 6008  2Z,PRODUCTO
BALINERAS,BALINERAS LLU,,400063,BALINERA 7205 LLU,PRODUCTO
BALINERAS,BALINERAS LLU,,400064,BALINERA SKF 6205 SIN SELLO,PRODUCTO
BALINERAS,BALINERAS LLU,,400066,BALINERA 6310 LLU,PRODUCTO
BALINERAS,BALINERAS LLU,,400067,BALINERA 6306 2RS (LLU),PRODUCTO
BALINERAS,BALINERAS LLU,,400069,BALINERA 6211 LLU,PRODUCTO
BALINERAS,BALINERAS LLU,,400071,BALINERA 6317 LLU,PRODUCTO
BALINERAS,BALINERAS LLU,,400098,BALINERA 626 LLU,PRODUCTO
BALINERAS,BALINERAS LLU,,400104,BALINERA 6303 NR,PRODUCTO
BALINERAS,BALINERAS LLU,,400222,BALINERA 6208 LLU,PRODUCTO
BALINERAS,BALINERAS LLU,,400301,BALINERA 6212 LLU,PRODUCTO
BALINERAS,BALINERAS LLU,,491115,BALINERA SKF 6201 SIN SELLO,PRODUCTO
BALINERAS,BALINERAS ZZ,,400081,BALINERA 5209 2ZZ SKF,PRODUCTO
BALINERAS,BALINERAS ZZ,,400082,BALINERA SKF 6207 SIN SELLO,PRODUCTO
BALINERAS,BALINERAS ZZ,,400086,BALINERA 6307 2RS (LLU),PRODUCTO
BALINERAS,BALINERAS ZZ,,400089,BALINERA 6317 2Z,PRODUCTO
BALINERAS,BALINERAS ZZ,,400090,BALINERA 6307 NR,PRODUCTO
BALINERAS,BALINERAS ZZ,,400092,BALINERA 6308 ZZ,PRODUCTO
BALINERAS,BALINERAS ZZ,,400129,BALINERA 3306B-ZZ (5306),PRODUCTO
BALINERAS,BALINERAS ZZ,,400146,BALINERA 6001 2Z,PRODUCTO
BALINERAS,BALINERAS ZZ,,400151,BALINERA 6011ZNR,PRODUCTO
BALINERAS,BALINERAS ZZ,,400155,BALINERA 6214-ZNR C3,PRODUCTO
BALINERAS,BALINERAS ZZ,,400159,BALINERA 6220 LLU,PRODUCTO
BALINERAS,BALINERAS ZZ,,400160,BALINERA 5210ZZ,PRODUCTO
BALINERAS,BALINERAS ZZ,,400171,BALINERA 6212 2Z,PRODUCTO
BALINERAS,BALINERAS ZZ,,400174,BALINERA 6213 2Z,PRODUCTO
BALINERAS,BALINERAS ZZ,,400175,BALINERA 6210 2Z,PRODUCTO
BALINERAS,BALINERAS ZZ,,400176,BALINERA 6214 2Z,PRODUCTO
BALINERAS,BALINERAS ZZ,,400178,BALINERA 6216 ZZ,PRODUCTO
BALINERAS,BALINERAS ZZ,,400179,BALINERA 6215 2Z,PRODUCTO
BALINERAS,BALINERAS ZZ,,400180,BALINERA 6311ZZ,PRODUCTO
BALINERAS,BALINERAS ZZ,,400182,BALINERA 6311 2Z,PRODUCTO
BALINERAS,BALINERAS ZZ,,400184,BALINERA 6312 2Z,PRODUCTO
BALINERAS,BALINERAS ZZ,,400185,BALINERA 6313 2Z,PRODUCTO
BALINERAS,BALINERAS ZZ,,400186,BALINERA 6314 2Z,PRODUCTO
BALINERAS,BALINERAS ZZ,,400188,BALINERA 6303 ZZ,PRODUCTO
BALINERAS,BALINERAS ZZ,,400190,BALINERA 6304 ZZ,PRODUCTO
BALINERAS,BALINERAS ZZ,,400192,BALINERA FAG 6311 2Z,PRODUCTO
BALINERAS,BALINERAS ZZ,,400195,BALINERA 6305 ZZ,PRODUCTO
BALINERAS,BALINERAS ZZ,,400197,BALINERA 6306 2Z,PRODUCTO
BALINERAS,BALINERAS ZZ,,400198,BALINERA 6307 2Z,PRODUCTO
BALINERAS,BALINERAS ZZ,,400200,BALINERA 6316ZZ,PRODUCTO
BALINERAS,BALINERAS ZZ,,400201,BALINERA 6318 2Z,PRODUCTO
BALINERAS,BALINERAS ZZ,,400204,BALINERA 6310 2Z,PRODUCTO
BALINERAS,BALINERAS ZZ,,400213,BALINERA 6208 2Z,PRODUCTO
BALINERAS,BALINERAS ZZ,,400214,BALINERA 6209 2Z,PRODUCTO
BALINERAS,BALINERAS ZZ,,400219,BALINERA 3207B-2Z,PRODUCTO
BALINERAS,OTRAS BALINERAS,,400029,TAZA 3720 COPA,PRODUCTO
BALINERAS,OTRAS BALINERAS,,400030,TAZA 3720,PRODUCTO
BALINERAS,OTRAS BALINERAS,,400031,BALINERA  39590,PRODUCTO
BALINERAS,OTRAS BALINERAS,,400032,TAZA 3525,PRODUCTO
BALINERAS,OTRAS BALINERAS,,400033,TAZA 3586,PRODUCTO
BALINERAS,OTRAS BALINERAS,,400034,BALINERA DE COLLARIL IZUSO NKR 2003,PRODUCTO
BALINERAS,OTRAS BALINERAS,,400035,TAZA 39520,PRODUCTO
BALINERAS,OTRAS BALINERAS,,400055,BALINERA 5213,PRODUCTO
BALINERAS,OTRAS BALINERAS,,400058,BALINERA 5212,PRODUCTO
BALINERAS,OTRAS BALINERAS,,400059,BALINERA 6200LLU/2AV1 NTN,PRODUCTO
BALINERAS,OTRAS BALINERAS,,400060,BALINERA P/CHUMACER 1-1/2,PRODUCTO
BALINERAS,OTRAS BALINERAS,,400061,BALINERA P/CHUMACERA F207,PRODUCTO
BALINERAS,OTRAS BALINERAS,,400062,BALINERA N-217,PRODUCTO
BALINERAS,OTRAS BALINERAS,,400070,BALINERA 5207NR,PRODUCTO
BALINERAS,OTRAS BALINERAS,,400072,BALINERA 2580 TIMKEN,PRODUCTO
BALINERAS,OTRAS BALINERAS,,400073,BALINERA 302180 COMPLETA,PRODUCTO
BALINERAS,OTRAS BALINERAS,,400074,BALINERA 3780 TIMKEN,PRODUCTO
BALINERAS,OTRAS BALINERAS,,400075,BALINERA TIM CONI A-21018,PRODUCTO
BALINERAS,OTRAS BALINERAS,,400076,BALINERA 30210-JR KOYO,PRODUCTO
BALINERAS,OTRAS BALINERAS,,400077,BALINERA 30313 COMPLETA,PRODUCTO
BALINERAS,OTRAS BALINERAS,,400078,BALINERA 3777 TIMKEN,PRODUCTO
BALINERAS,OTRAS BALINERAS,,400079,BALINERA 31308J,PRODUCTO
BALINERAS,OTRAS BALINERAS,,400083,BALINERA NU-203 RODAMIENTO SKF,PRODUCTO
BALINERAS,OTRAS BALINERAS,,400085,BALINERA TIMKEN 745,PRODUCTO
BALINERAS,OTRAS BALINERAS,,400091,BALINERA 31313 SKF J2 COMPLETA,PRODUCTO
BALINERAS,OTRAS BALINERAS,,400095,BALINERA DE BOLA 51205,PRODUCTO
BALINERAS,OTRAS BALINERAS,,400097,BALINERA NU315 NTN,PRODUCTO
BALINERAS,OTRAS BALINERAS,,400100,BALINERA M-88048/10 6001,PRODUCTO
BALINERAS,OTRAS BALINERAS,,400101,BALINERA 3309 SKF (5309),PRODUCTO
BALINERAS,OTRAS BALINERAS,,400102,BALINERA 3308 SKF,PRODUCTO
BALINERAS,OTRAS BALINERAS,,400103,BALINERA 3206 A-2Z,PRODUCTO
BALINERAS,OTRAS BALINERAS,,400105,BALINERA 400983R91,PRODUCTO
BALINERAS,OTRAS BALINERAS,,400107,BALINERA SKF 6206 SIN SELLO,PRODUCTO
BALINERAS,OTRAS BALINERAS,,400108,BALINERA FAG 22215 EASMC3,PRODUCTO
BALINERAS,OTRAS BALINERAS,,400109,BALINERA 6206 LLU,PRODUCTO
BALINERAS,OTRAS BALINERAS,,400110,BALINERA CONICA LM48548,PRODUCTO
BALINERAS,OTRAS BALINERAS,,400111,BALINERA CONICA NP 520308,PRODUCTO
BALINERAS,OTRAS BALINERAS,,400112,BALINERA CONICA NP 747110,PRODUCTO
BALINERAS,OTRAS BALINERAS,,400113,BALINERA NU 315 ESP,PRODUCTO
BALINERAS,OTRAS BALINERAS,,400114,BALINERA N-317,PRODUCTO
BALINERAS,OTRAS BALINERAS,,400115,BALINERA UCS-320,PRODUCTO
BALINERAS,OTRAS BALINERAS,,400116,BALINERA 3984 TIMKEN,PRODUCTO
BALINERAS,OTRAS BALINERAS,,400117,BALINERA 595 A592A TIMKEN,PRODUCTO
BALINERAS,OTRAS BALINERAS,,400118,BALINERA CONO Y COPA #744,PRODUCTO
BALINERAS,OTRAS BALINERAS,,400119,BALINERA CONICA HM801349,PRODUCTO
BALINERAS,OTRAS BALINERAS,,400120,BALINERA SKF 6203 SIN SELLO,PRODUCTO
BALINERAS,OTRAS BALINERAS,,400121,BALINERA N-318,PRODUCTO
BALINERAS,OTRAS BALINERAS,,400122,BALINERA 4T29685 C/CASQUI,PRODUCTO
BALINERAS,OTRAS BALINERAS,,400123,BALINERA 6013 NR,PRODUCTO
BALINERAS,OTRAS BALINERAS,,400124,BALINERA 48393 TINKEM,PRODUCTO
BALINERAS,OTRAS BALINERAS,,400125,BALINERA 807043 TIMKEN,PRODUCTO
BALINERAS,OTRAS BALINERAS,,400126,BALINERA 48320 TINKEM,PRODUCTO
BALINERAS,OTRAS BALINERAS,,400127,BALINERA NBR 6313-2RS,PRODUCTO
BALINERAS,OTRAS BALINERAS,,400131,BALINERA 595,PRODUCTO
BALINERAS,OTRAS BALINERAS,,400132,BALINERA 22222 K/C3,PRODUCTO
BALINERAS,OTRAS BALINERAS,,400133,BALINERA 4AS1111/2,PRODUCTO
BALINERAS,OTRAS BALINERAS,,400134,BALINERA 3312 BOLA SKF,PRODUCTO
BALINERAS,OTRAS BALINERAS,,400135,BALINERA 2304,PRODUCTO
BALINERAS,OTRAS BALINERAS,,400136,BALINERA 6311 2RS,PRODUCTO
BALINERAS,OTRAS BALINERAS,,400139,BALINERA 6306 SELLO HULE,PRODUCTO
BALINERAS,OTRAS BALINERAS,,400140,BALINERA 63162RS,PRODUCTO
BALINERAS,OTRAS BALINERAS,,400142,BALINERA 6406,PRODUCTO
BALINERAS,OTRAS BALINERAS,,400147,BALINERA 39590,PRODUCTO
BALINERAS,OTRAS BALINERAS,,400149,BALINERA 6005 2RS,PRODUCTO
BALINERAS,OTRAS BALINERAS,,400150,BALINERA 6204 NR,PRODUCTO
BALINERAS,OTRAS BALINERAS,,400156,BALINE UC208-108 D-1 (ROD,PRODUCTO
BALINERAS,OTRAS BALINERAS,,400163,BALINERA 5309 ZZ,PRODUCTO
BALINERAS,OTRAS BALINERAS,,400165,BALINERA 51111,PRODUCTO
BALINERAS,OTRAS BALINERAS,,400181,BALINERA 7217-B FAG,PRODUCTO
BALINERAS,OTRAS BALINERAS,,400183,BALINERA 6304 NR,PRODUCTO
BALINERAS,OTRAS BALINERAS,,400194,BALINERA 6305 C/ANILLO,PRODUCTO
BALINERAS,OTRAS BALINERAS,,400196,BALINERA FAG 7307B,PRODUCTO
BALINERAS,OTRAS BALINERAS,,400199,BALINERA 6308 NR,PRODUCTO
BALINERAS,OTRAS BALINERAS,,400202,BALINERA 6320 C3,PRODUCTO
BALINERAS,OTRAS BALINERAS,,400206,BALINERA 6319 2Z,PRODUCTO
BALINERAS,OTRAS BALINERAS,,400207,BALINERA P/CHUMA UC211200,PRODUCTO
BALINERAS,OTRAS BALINERAS,,400208,BALINERA UC210200,PRODUCTO
BALINERAS,OTRAS BALINERAS,,400210,BALINERA 3984,PRODUCTO
BALINERAS,OTRAS BALINERAS,,400216,BALINERA 3210,PRODUCTO
BALINERAS,OTRAS BALINERAS,,400217,BALINERA 7406-B,PRODUCTO
BALINERAS,OTRAS BALINERAS,,400223,BALINERA 7314 SNR,PRODUCTO
BALINERAS,OTRAS BALINERAS,,400226,BALINERA 22210,PRODUCTO
BALINERAS,OTRAS BALINERAS,,400280,BALINERA 7405 FAG,PRODUCTO
BALINERAS,OTRAS BALINERAS,,400401,BALINERA SKF 51105,PRODUCTO
BALINERAS,OTRAS BALINERAS,,400402,BALINERA SKF-7220 BECBM,PRODUCTO
BALINERAS,OTRAS BALINERAS,,400403,BALINERA SKF-7222 BECBM,PRODUCTO
BALINERAS,OTRAS BALINERAS,,400820,CONO TIMKEN 497,PRODUCTO
BALINERAS,OTRAS BALINERAS,,400821,COPA TIMKEN 793D,PRODUCTO
BALINERAS,OTRAS BALINERAS,,401198,BALINERA COLLARIN NKR 55 (COMP),PRODUCTO
BALINERAS,OTRAS BALINERAS,,491100,BALINERA 6004 LLU,PRODUCTO
BALINERAS,OTRAS BALINERAS,,550000,RODAMIENTO UG-335L 2-3/16,PRODUCTO
BALINERAS,OTRAS BALINERAS,,550001,PILLOW PU-335L 2-3/16,PRODUCTO
BALINERAS,OTRAS BALINERAS,,550002,PILLOW PEU335 2-3/16,PRODUCTO
BALINERAS,OTRAS BALINERAS,,550003,RODAMIENTO UG-339L 2-7/16,PRODUCTO
BALINERAS,OTRAS BALINERAS,,550004,PILLOW PU-339 2-7/16,PRODUCTO
BALINERAS,OTRAS BALINERAS,,550005,PILLOW PEU-339 2-7/16,PRODUCTO
BALINERAS,OTRAS BALINERAS,,550006,RODAMIENTO UG347L 2-5/16,PRODUCTO
BALINERAS,OTRAS BALINERAS,,550007,RODAMIENTO B22455HL 3-7/16,PRODUCTO
BALINERAS,OTRAS BALINERAS,,550008,PILLOW B22455H 3-7/16,PRODUCTO
BALINERAS,OTRAS BALINERAS,,550009,RODAMIENTO B22447HL 2-15/16,PRODUCTO
BALINERAS,OTRAS BALINERAS,,550020,BALINERA 7308 BG AEG,PRODUCTO
BALINERAS,OTRAS BALINERAS,,550022,BALINERA 6308 2ZNR KYK,PRODUCTO
SOLDADURA,BOQUILLAS,,300206,BOQUILLA ACET #1 KONLI,PRODUCTO
SOLDADURA,BOQUILLAS,,300208,BOQUILLA ACET #3 VICTOR ECON,PRODUCTO
SOLDADURA,BOQUILLAS,,300216,BOQUILLA CORT VICTOR #6 ACET 1-101,PRODUCTO
SOLDADURA,BOQUILLAS,,300220,EQUIPO ACETILENO VICTOR P/CORTE,PRODUCTO
SOLDADURA,BOQUILLAS,,300271,BOQUILLA P/SOLDAR #1,PRODUCTO
SOLDADURA,BOQUILLAS,,300272,BOQUILLA P/SOLDAR #4,PRODUCTO
SOLDADURA,ELECTRODO ACERO INOXIDABLE,,601689,VARILLA DE ARGON A/INOX 1/8,PRODUCTO
SOLDADURA,ELECTRODO ELEFANTE,,401101,ELECTRODO KOREA 7018 1/8 elefante,PRODUCTO
SOLDADURA,ELECTRODO ELEFANTE,,401102,ELECTRODO KOREA 6011 3/32 elefante,PRODUCTO
SOLDADURA,OTROS SOLDADURA Y EQUIPO,,229050,KIT DE ACCESORIOS P/SOLDAR,PRODUCTO
SOLDADURA,OTROS SOLDADURA Y EQUIPO,,300150,ELECTRODO P/ALUMINIO DE 1/8,PRODUCTO
SOLDADURA,OTROS SOLDADURA Y EQUIPO,,300160,VARILLA P/SOLDAR PLATA 1.5%. (29 PCXLB),PRODUCTO
SOLDADURA,OTROS SOLDADURA Y EQUIPO,,300222,MULTIFLAMA VICTOR #8,PRODUCTO
SOLDADURA,OTROS SOLDADURA Y EQUIPO,,300285,CABLE 4/0 P/MAQUINA SOLDA,PRODUCTO
SOLDADURA,OTROS SOLDADURA Y EQUIPO,,300363,MARCADOR P/MARCAR METAL AMARULLO,PRODUCTO
SOLDADURA,OTROS SOLDADURA Y EQUIPO,,300364,MARCADOR METAL BLANCO,PRODUCTO
SOLDADURA,OTROS SOLDADURA Y EQUIPO,,301021,TENAZA PORTA ELECTRODO 600AMP ALEMAN,PRODUCTO
SOLDADURA,OTROS SOLDADURA Y EQUIPO,,404251,PIEDRA P/CHISPERO,PRODUCTO
SOLDADURA,OTROS SOLDADURA Y EQUIPO,,601160,ELECTRODO 6011 3/32 LINCOLN,PRODUCTO
SOLDADURA,OTROS SOLDADURA Y EQUIPO,,601161,ELECTRODO 6011 1/8 CHOSUN,PRODUCTO
SOLDADURA,OTROS SOLDADURA Y EQUIPO,,601162,ELECTRODO 6011 3/32 CHOSUNG,PRODUCTO
SOLDADURA,OTROS SOLDADURA Y EQUIPO,,601631,ELECTRODO 6013 1/8 LINCOLN (50.6LBS),PRODUCTO
SOLDADURA,OTROS SOLDADURA Y EQUIPO,,601632,ELECTRODO 6013 3/32 LINCOLN,PRODUCTO
SOLDADURA,OTROS SOLDADURA Y EQUIPO,,601633,ELECTRODO KOREA 6013 3/32 elefante,PRODUCTO
SOLDADURA,OTROS SOLDADURA Y EQUIPO,,601634,ELECTRODO 308-16 1/8 LINCOLN (11LBS),PRODUCTO
SOLDADURA,SOLDADURA Y EQUIPOS,,300090,VARILLA DE PLATA 15%,PRODUCTO
SOLDADURA,SOLDADURA Y EQUIPOS,,300100,ELECTRODO U/ALLOY WELDSUGAR HARD D 3/16,PRODUCTO
SOLDADURA,SOLDADURA Y EQUIPOS,,300105,ELECTRODO U/ALLOY HARD MELT GH300 5/32,PRODUCTO
SOLDADURA,SOLDADURA Y EQUIPOS,,300110,ELECTRODO U/ALLOY 7018 1/8,PRODUCTO
SOLDADURA,SOLDADURA Y EQUIPOS,,300113,ELECTRODO U/ALLOY 7018 5/32,PRODUCTO
SOLDADURA,SOLDADURA Y EQUIPOS,,300120,ELECTRODO U/ALLOY 6010 1/8 DAÃ‘,PRODUCTO
SOLDADURA,SOLDADURA Y EQUIPOS,,300123,ELECTRODO U/ALLOY 6010 5/32,PRODUCTO
SOLDADURA,SOLDADURA Y EQUIPOS,,300130,ELECTRODO U/ALLOY 6011 1/8,PRODUCTO
SOLDADURA,SOLDADURA Y EQUIPOS,,300133,ELECTRODO U/ALLOY 6011 5/32,PRODUCTO
SOLDADURA,SOLDADURA Y EQUIPOS,,300200,BOQUILLA CORT VICTOR #1 ACET 1-101,PRODUCTO
SOLDADURA,SOLDADURA Y EQUIPOS,,300205,BOQUILLA CORT VICTOR #2 ACET 1-101,PRODUCTO
SOLDADURA,SOLDADURA Y EQUIPOS,,300207,BOQUILLA ACET #2 VICTOR ECON,PRODUCTO
SOLDADURA,SOLDADURA Y EQUIPOS,,300210,BOQUILLA CORT VICTOR #3 ACET 1-101,PRODUCTO
SOLDADURA,SOLDADURA Y EQUIPOS,,300215,BOQUILLA CORT VICTOR #4 ACET 1-101,PRODUCTO
SOLDADURA,SOLDADURA Y EQUIPOS,,300230,BOQUILLA CORT MARQUE GW-1,PRODUCTO
SOLDADURA,SOLDADURA Y EQUIPOS,,300250,BOQUILLA CORT VIC 1 GPN,PRODUCTO
SOLDADURA,SOLDADURA Y EQUIPOS,,300255,BOQUILLA CORT VIC 2 GPN,PRODUCTO
SOLDADURA,SOLDADURA Y EQUIPOS,,300260,BOQUILLA CORTE VIC GNP #3,PRODUCTO
SOLDADURA,SOLDADURA Y EQUIPOS,,300270,BOQUILLA P/SOLDAR #3,PRODUCTO
SOLDADURA,SOLDADURA Y EQUIPOS,,300280,CABLE 2/0 P/MAQUINA SOLDA,PRODUCTO
SOLDADURA,SOLDADURA Y EQUIPOS,,300290,CABLE P/SOLDAR #2/0,PRODUCTO
SOLDADURA,SOLDADURA Y EQUIPOS,,300300,CHISPERO PARA ACETILENO,PRODUCTO
SOLDADURA,SOLDADURA Y EQUIPOS,,300310,CARETA SOLDAR,PRODUCTO
SOLDADURA,SOLDADURA Y EQUIPOS,,300320,CARETA P/ESMERILAR C/VISOR,PRODUCTO
SOLDADURA,SOLDADURA Y EQUIPOS,,300330,LIMPIA BOQUILLAS,PRODUCTO
SOLDADURA,SOLDADURA Y EQUIPOS,,300350,MMANGAS P/SOLDAR,PRODUCTO
SOLDADURA,SOLDADURA Y EQUIPOS,,300360,*MARCADOR METAL BLANCO,PRODUCTO
SOLDADURA,SOLDADURA Y EQUIPOS,,300361,MARCADOR METAL AMARILLO,PRODUCTO
SOLDADURA,SOLDADURA Y EQUIPOS,,300380,PORTA TIZA,PRODUCTO
SOLDADURA,SOLDADURA Y EQUIPOS,,300400,VIDRIO CLARO CARETA P/SOL,PRODUCTO
SOLDADURA,SOLDADURA Y EQUIPOS,,300410,VIDRIO OSCURO CARETA SOLD,PRODUCTO
SOLDADURA,SOLDADURA Y EQUIPOS,,300440,VIDRIO CLARO REDONDO,PRODUCTO
SOLDADURA,SOLDADURA Y EQUIPOS,,300470,VIDRIO OSCURO REDONDO #5,PRODUCTO
SOLDADURA,SOLDADURA Y EQUIPOS,,300490,VIDRIO RECTANGULAR P/S 12 (105X50),PRODUCTO
SOLDADURA,SOLDADURA Y EQUIPOS,,300950,REGULADOR OXIGENO VICTOR,PRODUCTO
SOLDADURA,SOLDADURA Y EQUIPOS,,300960,REGULADOR ACETILENO VICTO,PRODUCTO
SOLDADURA,SOLDADURA Y EQUIPOS,,301000,TENAZA PORTA ELECTRODO 500AMP,PRODUCTO
SOLDADURA,SOLDADURA Y EQUIPOS,,301020,TENAZA POLO TIERRA,PRODUCTO
SOLDADURA,SOLDADURA Y EQUIPOS,,301030,MAQUINA SOLDAR K1170 LINC,PRODUCTO
SOLDADURA,SOLDADURA Y EQUIPOS,,325425,TUBO COBRE RIGIDO 5/8X20,PRODUCTO
SOLDADURA,SOLDADURA Y EQUIPOS,,330000,ANTORCHA COMPLETA VICTOR,PRODUCTO
SOLDADURA,SOLDADURA Y EQUIPOS,,330010,ANTORCHA CA-400 VICTOR,PRODUCTO
SOLDADURA,SOLDADURA Y EQUIPOS,,401100,ELECTRODO KOREA 6011 1/8 elefante,PRODUCTO
SOLDADURA,SOLDADURA Y EQUIPOS,,401110,ELECTRODO 7018 1/8 MUESTRA,PRODUCTO
SOLDADURA,SOLDADURA Y EQUIPOS,,404653,REGULADOR AR4508 DE GAS,PRODUCTO
SOLDADURA,SOLDADURA Y EQUIPOS,,485900,VARILLA BRONCE 1/8,PRODUCTO
SOLDADURA,SOLDADURA Y EQUIPOS,,601600,ELECTRODO 6011 DE 1/8 W.A,PRODUCTO
SOLDADURA,SOLDADURA Y EQUIPOS,,601603,ELECTRODO 6011 3/32 W.A,PRODUCTO
SOLDADURA,SOLDADURA Y EQUIPOS,,601604,ELECTRODO 6011 5/32 W. A.,PRODUCTO
SOLDADURA,SOLDADURA Y EQUIPOS,,601605,ELECTRODO DW 650 5/32,PRODUCTO
SOLDADURA,SOLDADURA Y EQUIPOS,,601606,ELECTRODO DW 650 1/8,PRODUCTO
SOLDADURA,SOLDADURA Y EQUIPOS,,601607,ELECTRODO DW 250 5/32,PRODUCTO
SOLDADURA,SOLDADURA Y EQUIPOS,,601610,ELECTRODO 7018 3/32 AME A,PRODUCTO
SOLDADURA,SOLDADURA Y EQUIPOS,,601615,ELECTRODO 7018 1/8 LINCOLN,PRODUCTO
SOLDADURA,SOLDADURA Y EQUIPOS,,601620,ELECTRODO 7018 1/8 W.A.,PRODUCTO
SOLDADURA,SOLDADURA Y EQUIPOS,,601630,ELECTRODO KOREA 6013 1/8 elefante,PRODUCTO
SOLDADURA,SOLDADURA Y EQUIPOS,,601639,ELECTRODO 6010 1/8 W.A.,PRODUCTO
SOLDADURA,SOLDADURA Y EQUIPOS,,601640,ELECTRODO U/ALLOY NUEV 6010 1/8,PRODUCTO
SOLDADURA,SOLDADURA Y EQUIPOS,,601641,ELECTRODO BRONCE 5/32,PRODUCTO
SOLDADURA,SOLDADURA Y EQUIPOS,,601642,ELECTRODO 7018 5/32 CHOSUN,PRODUCTO
SOLDADURA,SOLDADURA Y EQUIPOS,,601643,ELECTRODO 7018 5/32 W.A.,PRODUCTO
SOLDADURA,SOLDADURA Y EQUIPOS,,601645,ELECTRODO 6010 5/32 W.A.,PRODUCTO
SOLDADURA,SOLDADURA Y EQUIPOS,,601646,ELECTRODO 6010 5/32 A.A.,PRODUCTO
SOLDADURA,SOLDADURA Y EQUIPOS,,601650,ELECT AP/INOX ER 308 1/8,PRODUCTO
SOLDADURA,SOLDADURA Y EQUIPOS,,601652,ELECT AP/INOX ER 308 1/16,PRODUCTO
SOLDADURA,SOLDADURA Y EQUIPOS,,601660,ELECTRODO WELSUGAR 380 5/32,PRODUCTO
SOLDADURA,SOLDADURA Y EQUIPOS,,601670,ELECTRODO NI-55 1/8,PRODUCTO
SOLDADURA,SOLDADURA Y EQUIPOS,,601673,ELECTRODO 308 3/32 LINCOLN,PRODUCTO
SOLDADURA,SOLDADURA Y EQUIPOS,,601675,ELECTRODO P/HIERRO COLADO 1/8 NIQU,PRODUCTO
SOLDADURA,SOLDADURA Y EQUIPOS,,601676,ELECTRODO 309-16 5/32 ACER/INOX W.A.,PRODUCTO
SOLDADURA,SOLDADURA Y EQUIPOS,,601677,ELECTRODO 309-16 1/8 ACER/INOX W.A.,PRODUCTO
SOLDADURA,SOLDADURA Y EQUIPOS,,601679,ELECTRODO 309-16 ACER/INOX,PRODUCTO
SOLDADURA,SOLDADURA Y EQUIPOS,,601680,ELECTRODO P/HIERRO COLADO 5/32,PRODUCTO
SOLDADURA,SOLDADURA Y EQUIPOS,,601681,ELECT 309-16 1/8 ACE/INOX,PRODUCTO
SOLDADURA,SOLDADURA Y EQUIPOS,,601682,ELECTRODO 316-16 5/32 ACE/INOX W.A.,PRODUCTO
SOLDADURA,SOLDADURA Y EQUIPOS,,601683,ELECTRODO 308-16 1/8 ACE/INOX  W.A.,PRODUCTO
SOLDADURA,SOLDADURA Y EQUIPOS,,601684,ELECT ACE/INO 308-16 5/32,PRODUCTO
SOLDADURA,SOLDADURA Y EQUIPOS,,601685,ELECTRODO ER 705-3 1/8 WA,PRODUCTO
SOLDADURA,SOLDADURA Y EQUIPOS,,601686,ELECTRODO ACE/INOX 308-16 3/32,PRODUCTO
SOLDADURA,SOLDADURA Y EQUIPOS,,601687,ELECTRO 309-16 5/32 ACE/INOX W.A.,PRODUCTO
SOLDADURA,SOLDADURA Y EQUIPOS,,601688,ELECT AC/INOX 309-16 3/32,PRODUCTO
SOLDADURA,SOLDADURA Y EQUIPOS,,601690,ELECTRODO NIQUEL-100 1/8 W.A.,PRODUCTO
SOLDADURA,SOLDADURA Y EQUIPOS,,601693,ELECTRODO NIQUEL-100 5/32 W.A.,PRODUCTO
TORNILLERIA,ARANDELA PLANA,,424500,ARANDELA PLANA 1-1/4,PRODUCTO
TORNILLERIA,ARANDELA PLANA,,424501,ARANDELA PLANA 1-1/8,PRODUCTO
TORNILLERIA,ARANDELA PLANA,,424502,ARANDELA PLANA 1-1/2,PRODUCTO
TORNILLERIA,ARANDELA PLANA,,424503,ARANDELA PLANA M-12,PRODUCTO
TORNILLERIA,ARANDELA PLANA,,424505,ARANDELA PLANA 1/2,PRODUCTO
TORNILLERIA,ARANDELA PLANA,,424507,ARANDELA PLANA 1/2 GALV,PRODUCTO
TORNILLERIA,ARANDELA PLANA,,424510,ARANDELA PLANA 1/4,PRODUCTO
TORNILLERIA,ARANDELA PLANA,,424514,ARANDELA PLANA 16 MM,PRODUCTO
TORNILLERIA,ARANDELA PLANA,,424515,ARANDELA PLANA 3/16,PRODUCTO
TORNILLERIA,ARANDELA PLANA,,424517,ARANDELA PLANA 3/4,PRODUCTO
TORNILLERIA,ARANDELA PLANA,,424519,ARANDEL PLANA 3/8 ACE/INO,PRODUCTO
TORNILLERIA,ARANDELA PLANA,,424520,ARANDELA PLANA 3/8,PRODUCTO
TORNILLERIA,ARANDELA PLANA,,424521,ARANDELA PLANA 1-3/8 G-8,PRODUCTO
TORNILLERIA,ARANDELA PLANA,,424522,ARANDELA PLANA 3/8 G,PRODUCTO
TORNILLERIA,ARANDELA PLANA,,424523,ARANDELA PLANA 3/8 ACE/INOX,PRODUCTO
TORNILLERIA,ARANDELA PLANA,,424525,TUERCA HEX GR-8  1/4,PRODUCTO
TORNILLERIA,ARANDELA PLANA,,424526,ARANDE PLAT PLANA 5/16 GA,PRODUCTO
TORNILLERIA,ARANDELA PLANA,,424530,ARANDELA PLANA 7/8,PRODUCTO
TORNILLERIA,ARANDELA PLANA,,424535,"ARANDELA PLANA 1""",PRODUCTO
TORNILLERIA,ARANDELA PLANA,,424538,ARANDELA PLANA ACE/INOX 12MM,PRODUCTO
TORNILLERIA,ARANDELA PLANA,,424539,ARANDELA PLANA ACE/INOX 10MM,PRODUCTO
TORNILLERIA,ARANDELA PLANA,,424540,ARANDELA PLANA 7/16,PRODUCTO
TORNILLERIA,ARANDELA PLANA,,424545,ARANDELA PLANA GAL 3/8,PRODUCTO
TORNILLERIA,ARANDELA PLANA,,424547,ARANDELA PLANA GAL 5/8,PRODUCTO
TORNILLERIA,ARANDELA PLANA,,424550,ARANDELA PLANA 5/8,PRODUCTO
TORNILLERIA,ARANDELA PLANA,,424552,ARANDELA PLANA 5/8 ACER/INOX,PRODUCTO
TORNILLERIA,ARANDELA PLANA,,424555,ARANDELA PLANA 9/16,PRODUCTO
TORNILLERIA,ARANDELA PLANA,,424846,ARANDELA PLANA 2,PRODUCTO
TORNILLERIA,ARANDELA PLANA,,424950,ARANDELA PLANA 5/16 GALV,PRODUCTO
TORNILLERIA,ARANDELA PLANA,,424970,ARANDELA PLANA 1/2 G-8,PRODUCTO
TORNILLERIA,ARANDELA PRESION,,404847,ARANDELA PRESION 1-1/4  ACEROINOX,PRODUCTO
TORNILLERIA,ARANDELA PRESION,,404848,ARANDELA PRESION 1-1/2 ACERO/INOX,PRODUCTO
TORNILLERIA,ARANDELA PRESION,,404849,ARANDELA PRESION 1-1/4,PRODUCTO
TORNILLERIA,ARANDELA PRESION,,424750,ARANDELA PRESION 1/4,PRODUCTO
TORNILLERIA,ARANDELA PRESION,,424800,ARANDELA PRESION 1/2,PRODUCTO
TORNILLERIA,ARANDELA PRESION,,424803,ARANDELA PLANA 9/16,PRODUCTO
TORNILLERIA,ARANDELA PRESION,,424805,ARANDELA PRESION 3/4 D-120 ACHSA,PRODUCTO
TORNILLERIA,ARANDELA PRESION,,424808,ARANDELA PRESION 3/16,PRODUCTO
TORNILLERIA,ARANDELA PRESION,,424810,ARANDELA PRESION 5/16,PRODUCTO
TORNILLERIA,ARANDELA PRESION,,424811,ARANDE PLAT PRESI 5/16 GA,PRODUCTO
TORNILLERIA,ARANDELA PRESION,,424815,ARANDELA PRESION 9/16,PRODUCTO
TORNILLERIA,ARANDELA PRESION,,424820,ARANDELA PRESION 7/8,PRODUCTO
TORNILLERIA,ARANDELA PRESION,,424822,ARANDELA PRESION 7/16,PRODUCTO
TORNILLERIA,ARANDELA PRESION,,424823,ARANDELA DE PRESION 7/16,PRODUCTO
TORNILLERIA,ARANDELA PRESION,,424825,ARANDELA PRESION 3/8,PRODUCTO
TORNILLERIA,ARANDELA PRESION,,424826,ARANDELA PRESION 1-1/2,PRODUCTO
TORNILLERIA,ARANDELA PRESION,,424827,ARANDELA PRESION 1-1/8,PRODUCTO
TORNILLERIA,ARANDELA PRESION,,424828,ARANDELA PRESION 16MM,PRODUCTO
TORNILLERIA,ARANDELA PRESION,,424830,.RANDELA PRESION 5/8,PRODUCTO
TORNILLERIA,ARANDELA PRESION,,424840,ARANDELA PRESION 3/8 ACER/INOX,PRODUCTO
TORNILLERIA,ARANDELA PRESION,,424850,"ARANDELA PRESION ""1""",PRODUCTO
TORNILLERIA,ARANDELA PRESION,,424851,ARANDELA PRESI 1 ACE/INOX,PRODUCTO
TORNILLERIA,ARANDELA PRESION,,424855,ARANDELA PRESION ACE/INOX 12MM,PRODUCTO
TORNILLERIA,ARANDELA PRESION,,424856,ARANDELA PRESION ACE/INOX 10MM,PRODUCTO
TORNILLERIA,OTRA - TORNILLERIA,,107100,TORNILLO P/F 7/16,PRODUCTO
TORNILLERIA,OTRA - TORNILLERIA,,107109,TORNILLO P/ESPANSOR S-6,PRODUCTO
TORNILLERIA,OTRA - TORNILLERIA,,107110,TORNILLO P/ESPANSOR S 8,PRODUCTO
TORNILLERIA,OTRA - TORNILLERIA,,107112,TORNILLO PB. 1/4X2-1/2,PRODUCTO
TORNILLERIA,OTRA - TORNILLERIA,,107115,TORNILLO P/FINA 1/4X3 P/TECHO C-1500PCS,PRODUCTO
TORNILLERIA,OTRA - TORNILLERIA,,107190,TORNILLO ACER/INOX 1/2X4 COMP,PRODUCTO
TORNILLERIA,OTRA - TORNILLERIA,,107196,TORNILLO ACE/INOX 5/8X3 C/TUERCA,PRODUCTO
TORNILLERIA,OTRA - TORNILLERIA,,335890,TUERCA DE SEGURIDAD 7/8,PRODUCTO
TORNILLERIA,OTRA - TORNILLERIA,,405821,TORNILLO ALLEN INOX M6X30 COMP,PRODUCTO
TORNILLERIA,OTRA - TORNILLERIA,,425003,TORNILLO P.B. P/TABLA YESO 7/16,PRODUCTO
TORNILLERIA,OTRA - TORNILLERIA,,425005,TORNILLO P.B P/ZINC 1/4X1,PRODUCTO
TORNILLERIA,OTRA - TORNILLERIA,,425006,TORN HEX NC G-5 1/4X1,PRODUCTO
TORNILLERIA,OTRA - TORNILLERIA,,425008,TORNILLO P.B P/ZINC 1/4X1 C-4000PCS,PRODUCTO
TORNILLERIA,OTRA - TORNILLERIA,,425009,TORNILLO P.F P/ZINC 1/4X1 GOLOSO,PRODUCTO
TORNILLERIA,OTRA - TORNILLERIA,,425016,TORNILLO 3/16X1 COMPLETO,PRODUCTO
TORNILLERIA,OTRA - TORNILLERIA,,425031,TORNILLO P/MADERA 3/8X3,PRODUCTO
TORNILLERIA,OTRA - TORNILLERIA,,425034,TORNILLO C/AVELLANADA 1/2X1-1/2 ALLEN,PRODUCTO
TORNILLERIA,OTRA - TORNILLERIA,,425324,TORNILLO P.B P/ZINC 1/4X3 C-1600 PCS,PRODUCTO
TORNILLERIA,OTRA - TORNILLERIA,,425326,TORNILLO P.B P/TAB YESO 1-1/2,PRODUCTO
TORNILLERIA,OTRA - TORNILLERIA,,425328,TORNILLO P.B P/ZINC 1/4X3,PRODUCTO
TORNILLERIA,OTRA - TORNILLERIA,,425329,TUERCA HEX GALV 1/4,PRODUCTO
TORNILLERIA,OTRA - TORNILLERIA,,425330,TORNILLO P.B P/ZINC 1/4X1-1/2,PRODUCTO
TORNILLERIA,OTRA - TORNILLERIA,,425331,TORNILLO P.B. P/TAB YESO 1-1/4,PRODUCTO
TORNILLERIA,OTRA - TORNILLERIA,,425332,TORNILLO P.B P/ZINC 1/4X1-1/2 C-3200 PCS,PRODUCTO
TORNILLERIA,OTRA - TORNILLERIA,,425333,TORNILLO P.B P/ZINC 1/4X2,PRODUCTO
TORNILLERIA,OTRA - TORNILLERIA,,425334,TORNILLO P.B P/ZINC 1/4X2 C-2000 PCS,PRODUCTO
TORNILLERIA,OTRA - TORNILLERIA,,425336,TORNILLO P.F. P/TECHO 2-1/2,PRODUCTO
TORNILLERIA,OTRA - TORNILLERIA,,425337,TORNILLO P.B P/ZINC 1/4X2-1/2 C-1800 PCS,PRODUCTO
TORNILLERIA,OTRA - TORNILLERIA,,425338,TORNILLO P.F. P/TECHO 2,PRODUCTO
TORNILLERIA,OTRA - TORNILLERIA,,425427,TORNILLO GOLOZO 3/16X1/2,PRODUCTO
TORNILLERIA,OTRA - TORNILLERIA,,425428,TORNILLO GOLOSO 3/8X5,PRODUCTO
TORNILLERIA,OTRA - TORNILLERIA,,425447,TORNILLO GOLOZO 3/8X3 P/MADERA,PRODUCTO
TORNILLERIA,OTRA - TORNILLERIA,,425451,TORNILLO ACE/INOX 1/2X1-1/2 C/TUERCA,PRODUCTO
TORNILLERIA,OTRA - TORNILLERIA,,425456,TORNILLO ACE/INOX 5/8X2 C/TUERCA,PRODUCTO
TORNILLERIA,OTRA - TORNILLERIA,,425520,TORNILLO ACE/INOX 5/8X4,PRODUCTO
TORNILLERIA,OTRA - TORNILLERIA,,426662,TUERCA DE SEGURIDAD 5/8,PRODUCTO
TORNILLERIA,OTRA - TORNILLERIA,,455532,VARILLA ROSCADA GALV 3/8X72,PRODUCTO
TORNILLERIA,OTRA - TORNILLERIA,,457122,TORNILLO ALLEN A/INOX 3/8X1-1/2 COMPL,PRODUCTO
TORNILLERIA,OTRA - TORNILLERIA,,457123,TORNILLO ALLEN A/INOX 4X10 MM,PRODUCTO
TORNILLERIA,OTRA - TORNILLERIA,,457124,TORNILLO ALLEN A/INOX 3/8X1 COMPL,PRODUCTO
TORNILLERIA,OTRA - TORNILLERIA,,457127,TORNILLO ALLEN A/INOX 3/8X1-1/4,PRODUCTO
TORNILLERIA,OTRA - TORNILLERIA,,457128,TORNILLO ALLEN A/INOX 1/2X3-1/2,PRODUCTO
TORNILLERIA,OTRA - TORNILLERIA,,457129,TORNILLO ALLEN A/INOX 3/8X2 COMPL,PRODUCTO
TORNILLERIA,OTRA - TORNILLERIA,,475915,TORNILLO M12X45MMX1.75 COMP,PRODUCTO
TORNILLERIA,OTRAS ARANDELAS,,424508,ARANDELA PLANA M8,PRODUCTO
TORNILLERIA,OTRAS ARANDELAS,,424509,ARANDELA PLANA 1/2 ACE/INOX,PRODUCTO
TORNILLERIA,OTRAS ARANDELAS,,424556,ARANDELA PLANA 9/16 G,PRODUCTO
TORNILLERIA,OTRAS ARANDELAS,,424557,ARANDELA PLANA GAL 1/2,PRODUCTO
TORNILLERIA,OTRAS ARANDELAS,,424801,ARANDELA PRESION 1/2 ACE/INOX,PRODUCTO
TORNILLERIA,OTRAS ARANDELAS,,424816,ARANDELA PRESION 5/8 ACER/INOX,PRODUCTO
TORNILLERIA,OTRAS ARANDELAS,,424857,ARANDELA PRESION ACE/INOX 5/16,PRODUCTO
TORNILLERIA,OTRAS ARANDELAS,,424900,ARANDELA CUADRADO 5/8,PRODUCTO
TORNILLERIA,OTRAS ARANDELAS,,427500,ARANDELA PLANA A/INOX 1/2,PRODUCTO
TORNILLERIA,OTRAS ARANDELAS,,427504,ARANDELA PRESION Z/INOX 1/2,PRODUCTO
TORNILLERIA,OTRAS TUERCAS,,425322,TUERCA HEX GALV 5/8,PRODUCTO
TORNILLERIA,OTRAS TUERCAS,,425491,TUERCA A/INOX M12,PRODUCTO
TORNILLERIA,OTRAS TUERCAS,,425571,TUERCA 1/2 ACERO INOXIDABLE,PRODUCTO
TORNILLERIA,OTRAS TUERCAS,,425572,TUERCA GALV 5/16,PRODUCTO
TORNILLERIA,OTRAS TUERCAS,,425573,TUERCA GALV UNC 3/16,PRODUCTO
TORNILLERIA,OTRAS TUERCAS,,425576,TUERCA GALV 1/2,PRODUCTO
TORNILLERIA,OTRAS TUERCAS,,425591,TUERCA HEX GR-5  5/8  R/F,PRODUCTO
TORNILLERIA,OTRAS TUERCAS,,425598,TUERCA ROSCA FINA 9/16,PRODUCTO
TORNILLERIA,OTRAS TUERCAS,,425610,TUERCA HEX GR-5  3/8 R/FINA,PRODUCTO
TORNILLERIA,OTRAS TUERCAS,,425921,TUERCA M16 P-2,PRODUCTO
TORNILLERIA,OTRAS TUERCAS,,425922,TUERCA M20 P-2.5,PRODUCTO
TORNILLERIA,OTRAS TUERCAS,,426635,TUERCA UNC 1/2P/TORN AVELLA,PRODUCTO
TORNILLERIA,OTRAS TUERCAS,,426642,TUERCA ACERO 5/16,PRODUCTO
TORNILLERIA,OTRAS TUERCAS,,426643,TUERCA ACE/INOX 1/2,PRODUCTO
TORNILLERIA,OTRAS TUERCAS,,426645,TUERCA 3/8 ACERO INOXIDABLE,PRODUCTO
TORNILLERIA,OTRAS TUERCAS,,426650,TUERCA DE SEGURIDAD 3/8 ACE/INOX,PRODUCTO
TORNILLERIA,OTRAS TUERCAS,,426652,TUERCA M10,PRODUCTO
TORNILLERIA,OTRAS TUERCAS,,426653,TUERCA M12-1.75 8.8,PRODUCTO
TORNILLERIA,OTRAS TUERCAS,,426659,TUERCA DE SEGURIDAD 3/8,PRODUCTO
TORNILLERIA,OTRAS TUERCAS,,426660,TUERCA DE SEGURIDAD 1/2,PRODUCTO
TORNILLERIA,OTRAS TUERCAS,,426661,TUERCA DE SEGURIDAD 3/4,PRODUCTO
TORNILLERIA,OTRAS TUERCAS,,426663,TUERCA DE SEGURIDAD 7/16,PRODUCTO
TORNILLERIA,OTRAS TUERCAS,,426664,TUERCA SEGURIDAD 1/2,PRODUCTO
TORNILLERIA,OTRAS TUERCAS,,426669,TUERCA DE SEGURIDAD 1/2 ACERO INOX.,PRODUCTO
TORNILLERIA,OTRAS TUERCAS,,426670,TUERCA ACERO INOXIDABLE 5/8,PRODUCTO
TORNILLERIA,OTRAS TUERCAS,,426671,TUERCA ACE/INOX 3/8,PRODUCTO
TORNILLERIA,OTRAS TUERCAS,,426674,TUERCA CASTELADA 1-1/2 RG,PRODUCTO
TORNILLERIA,OTRAS TUERCAS,,426675,TUERCA A/INOX HEX 1,PRODUCTO
TORNILLERIA,OTRAS TUERCAS,,426676,TUERCA CASTELADA 1/2 RF,PRODUCTO
TORNILLERIA,OTRAS TUERCAS,,426690,TUERCA DE SEGURIDAD 1,PRODUCTO
TORNILLERIA,OTRAS TUERCAS,,426691,TUERCA DE SEGURIDAD 1-1/4,PRODUCTO
TORNILLERIA,OTRAS TUERCAS,,426693,TUERCA DE SEGURIDAD 1 R/FINA,PRODUCTO
TORNILLERIA,OTRAS TUERCAS,,426906,TUERCA ROSCA FINA 1-1/8,PRODUCTO
TORNILLERIA,OTRAS TUERCAS,,426960,TUERCA HEX GR-5  1/4 R/FINA,PRODUCTO
TORNILLERIA,OTRAS TUERCAS,,428040,TUERCA DE SEGURIDAD 1/4 R/F,PRODUCTO
TORNILLERIA,OTRAS TUERCAS,,428041,TUERCA DE SEGURIDAD 1/4 UNC,PRODUCTO
TORNILLERIA,OTRAS TUERCAS,,428050,TUERCA ROSCA FINA 5/8,PRODUCTO
TORNILLERIA,OTRAS TUERCAS,,428051,TUERCA ROSCA FINA 3/8,PRODUCTO
TORNILLERIA,OTRAS TUERCAS,,455502,TUERCA ROSCA FINA 1/2,PRODUCTO
TORNILLERIA,OTRAS TUERCAS,,475573,TUERCA HEX GR-5 3/16,PRODUCTO
TORNILLERIA,OTROS TORNILLOS,,107105,TORNILLO P. B. P/ZINC 8MMX3/4,PRODUCTO
TORNILLERIA,OTROS TORNILLOS,,107107,TORNILLO P.F. P/TABLA YESO 1-1/4,PRODUCTO
TORNILLERIA,OTROS TORNILLOS,,405820,TORNILLO ACE/INOX 1/2X1,PRODUCTO
TORNILLERIA,OTROS TORNILLOS,,405822,TORNILLO ALLEN 3/4X2,PRODUCTO
TORNILLERIA,OTROS TORNILLOS,,405823,TORNILLO ALLEN M6X40 1.0,PRODUCTO
TORNILLERIA,OTROS TORNILLOS,,405824,TORNILLO ALLEN M6X15,PRODUCTO
TORNILLERIA,OTROS TORNILLOS,,405825,TORNILLO ALLEN 3/4X2-1/2,PRODUCTO
TORNILLERIA,OTROS TORNILLOS,,405830,TORNILLO ACE/INOX 1X6 C/TUERCA,PRODUCTO
TORNILLERIA,OTROS TORNILLOS,,421000,TORNILLO M12X40MMX1.75 G-8.8,PRODUCTO
TORNILLERIA,OTROS TORNILLOS,,421001,TORNILLO HEX M16X50MMX1.75 COMP,PRODUCTO
TORNILLERIA,OTROS TORNILLOS,,421002,TORNILLO HEX M8X25COMPL,PRODUCTO
TORNILLERIA,OTROS TORNILLOS,,421003,TORNILLO HEX 12X30,PRODUCTO
TORNILLERIA,OTROS TORNILLOS,,421004,TORNILLO HEX M12X60 C/U,PRODUCTO
TORNILLERIA,OTROS TORNILLOS,,421005,TORNILLO ALLEN M12X45 ACERO,PRODUCTO
TORNILLERIA,OTROS TORNILLOS,,421006,TORNILLO HEX M16X45 P-2,PRODUCTO
TORNILLERIA,OTROS TORNILLOS,,421007,TORNILLO HEX M20X70 P-2.5,PRODUCTO
TORNILLERIA,OTROS TORNILLOS,,421008,TORNILLO HEX M20X60 P-2.5,PRODUCTO
TORNILLERIA,OTROS TORNILLOS,,424103,TORNILLO HEX M12X25MMX1.5,PRODUCTO
TORNILLERIA,OTROS TORNILLOS,,424104,TORNILLO HEX M20X100MM,PRODUCTO
TORNILLERIA,OTROS TORNILLOS,,424105,TORNILLO HEX M10X90MM,PRODUCTO
TORNILLERIA,OTROS TORNILLOS,,424106,TORNILLO HEX M8X12MMX1.25,PRODUCTO
TORNILLERIA,OTROS TORNILLOS,,424107,TORNILLO HEX M6X10MM,PRODUCTO
TORNILLERIA,OTROS TORNILLOS,,424108,TORNILLO HEX M10X30MM,PRODUCTO
TORNILLERIA,OTROS TORNILLOS,,424109,TORNILLO HEX M12X90MMX1.75,PRODUCTO
TORNILLERIA,OTROS TORNILLOS,,424150,TORNILLO M8X50MM COMPL,PRODUCTO
TORNILLERIA,OTROS TORNILLOS,,424902,TORNILLO M16X38MM GR8.8,PRODUCTO
TORNILLERIA,OTROS TORNILLOS,,424990,TORNILLO ALLEN M12X90,PRODUCTO
TORNILLERIA,OTROS TORNILLOS,,424991,TORNILLO ALLEN M8X30 A/INOX,PRODUCTO
TORNILLERIA,OTROS TORNILLOS,,424992,TORNILLO ALLEN M10X60,PRODUCTO
TORNILLERIA,OTROS TORNILLOS,,424998,TORN MET CONI PLANA 6X1,PRODUCTO
TORNILLERIA,OTROS TORNILLOS,,425000,TORNILLO CENTRO 1/2X8 C,PRODUCTO
TORNILLERIA,OTROS TORNILLOS,,425001,TORNILLO C/REDONDO 3/16X1/2,PRODUCTO
TORNILLERIA,OTROS TORNILLOS,,425002,TORNILLO DE CENTRO 1/2X12,PRODUCTO
TORNILLERIA,OTROS TORNILLOS,,425004,TORNILLO C/REDONDO 3/16X2 R.G.,PRODUCTO
TORNILLERIA,OTROS TORNILLOS,,425013,TORN HEX 1/2X1-3/4 C/TURC,PRODUCTO
TORNILLERIA,OTROS TORNILLOS,,425014,TORNILLO CONICO 3/16X1 C/TUERCA,PRODUCTO
TORNILLERIA,OTROS TORNILLOS,,425015,TORNILLO HEX 5/16X3 COMPLETO,PRODUCTO
TORNILLERIA,OTROS TORNILLOS,,425017,TORNILLO 1/4X4 COMPLETO,PRODUCTO
TORNILLERIA,OTROS TORNILLOS,,425020,TORN HEX ROS CORRD 5/8X16,PRODUCTO
TORNILLERIA,OTROS TORNILLOS,,425022,VARILLA ROSCADA 1/2X78 (2MT),PRODUCTO
TORNILLERIA,OTROS TORNILLOS,,425023,VARILLA ROSCADA 1/2X10,PRODUCTO
TORNILLERIA,OTROS TORNILLOS,,425024,VARILLA ROSCADA 3/8X10,PRODUCTO
TORNILLERIA,OTROS TORNILLOS,,425025,VARILLA ROSCADA 1/2X39 (1MT),PRODUCTO
TORNILLERIA,OTROS TORNILLOS,,425026,VARILLA ROSCADA 1X39 (1MT),PRODUCTO
TORNILLERIA,OTROS TORNILLOS,,425032,TORNILLO CAB/AVELLA A/INOX 3/8X1,PRODUCTO
TORNILLERIA,OTROS TORNILLOS,,425035,TORN HEX  8X16X1.25MM,PRODUCTO
TORNILLERIA,OTROS TORNILLOS,,425038,TORNILLO AVELLANADO M8X40,PRODUCTO
TORNILLERIA,OTROS TORNILLOS,,425039,TORNILLO AVELLANADO 4X10,PRODUCTO
TORNILLERIA,OTROS TORNILLOS,,425041,TORN HEX C/TUERCA 5/32X1,PRODUCTO
TORNILLERIA,OTROS TORNILLOS,,425042,TORN HEX C/TUERCA 3/16X1,PRODUCTO
TORNILLERIA,OTROS TORNILLOS,,425043,TORN HEX C/TUERCA 3/8X1-1/2 A/INOX,PRODUCTO
TORNILLERIA,OTROS TORNILLOS,,425044,TORN HEX 3/16X1,PRODUCTO
TORNILLERIA,OTROS TORNILLOS,,425047,TORN HEX 12X40MM R/GRUESA,PRODUCTO
TORNILLERIA,OTROS TORNILLOS,,425048,TORN HEX ACE/INOX 3/16X1,PRODUCTO
TORNILLERIA,OTROS TORNILLOS,,425049,TORNILLO P/ASBESTO 1/4X14,PRODUCTO
TORNILLERIA,OTROS TORNILLOS,,425117,TORNILLO ACE/INOX 1/2X5,PRODUCTO
TORNILLERIA,OTROS TORNILLOS,,425124,TORN HEX 8X110MM R/GRUESA,PRODUCTO
TORNILLERIA,OTROS TORNILLOS,,425187,TORNILLO CENTRO 1/2X12 C,PRODUCTO
TORNILLERIA,OTROS TORNILLOS,,425188,TORNILLO CENTRO 3/8X6 C,PRODUCTO
TORNILLERIA,OTROS TORNILLOS,,425189,TORNILLO CENTRO 3/8X8 C/TUERCA,PRODUCTO
TORNILLERIA,OTROS TORNILLOS,,425210,TORN HEX GALV 3/8X1-1/4,PRODUCTO
TORNILLERIA,OTROS TORNILLOS,,425211,TORN HEX GALV 1/2X1-1/2,PRODUCTO
TORNILLERIA,OTROS TORNILLOS,,425213,TORN HEX GALV 1/2X4-1/2,PRODUCTO
TORNILLERIA,OTROS TORNILLOS,,425226,TORN HEX GALV 5/8X2-1/2,PRODUCTO
TORNILLERIA,OTROS TORNILLOS,,425227,TORN HEX GALV 5/8X3,PRODUCTO
TORNILLERIA,OTROS TORNILLOS,,425228,TORN HEX GALV 1/4X1,PRODUCTO
TORNILLERIA,OTROS TORNILLOS,,425237,TORNILLO C/REDONDA 3/16X6,PRODUCTO
TORNILLERIA,OTROS TORNILLOS,,425275,TORNILLO C/HEX INTERNA 1/2X1/2,PRODUCTO
TORNILLERIA,OTROS TORNILLOS,,425291,TORNILLO C/CUADRADA 3/8X2-1/2,PRODUCTO
TORNILLERIA,OTROS TORNILLOS,,425292,TORNILLO A/NOXIDABLE HEX 3/8X3-1/2,PRODUCTO
TORNILLERIA,OTROS TORNILLOS,,425321,TORNILLO C/REDONDA 1/4X2-1/2 GAL,PRODUCTO
TORNILLERIA,OTROS TORNILLOS,,425327,TORNILLO PUNTA BROCA 3/16X3/4,PRODUCTO
TORNILLERIA,OTROS TORNILLOS,,425335,TORNILLO P.B P/ZINC 1/4X2-1/2,PRODUCTO
TORNILLERIA,OTROS TORNILLOS,,425340,TORN HEX G-5 1/4X4-1/2,PRODUCTO
TORNILLERIA,OTROS TORNILLOS,,425341,TORNILLO C/REDONDA 1/4X2 GALV COMPLET,PRODUCTO
TORNILLERIA,OTROS TORNILLOS,,425345,TORNILLO ALLEN CILIDRICO 1/2X1-1/2,PRODUCTO
TORNILLERIA,OTROS TORNILLOS,,425348,TORN HEX P/LAMI 1-1/2X12,PRODUCTO
TORNILLERIA,OTROS TORNILLOS,,425352,TORN HEX R/FINA 1/2X3 C/TUERCA,PRODUCTO
TORNILLERIA,OTROS TORNILLOS,,425380,TORN PLATINADO 5/16X1 H.G.,PRODUCTO
TORNILLERIA,OTROS TORNILLOS,,425385,TORN PLATI 3/8X1-1/2 H.G.,PRODUCTO
TORNILLERIA,OTROS TORNILLOS,,425390,TORNILLO C/REDONDO 3/16X3,PRODUCTO
TORNILLERIA,OTROS TORNILLOS,,425391,TORNILLO GOLOSO 12X2-1/2,PRODUCTO
TORNILLERIA,OTROS TORNILLOS,,425392,TORNILLO GOLOSO 14X3,PRODUCTO
TORNILLERIA,OTROS TORNILLOS,,425393,TORNILLO GOLOSO 6X1/2,PRODUCTO
TORNILLERIA,OTROS TORNILLOS,,425395,TORNILLO TIRANFONDO 1/4X14 ASBESTO,PRODUCTO
TORNILLERIA,OTROS TORNILLOS,,425398,TORNILLO ACE/INOX 1/4X1/2,PRODUCTO
TORNILLERIA,OTROS TORNILLOS,,425399,TORNILLO ACE/INOX 3/16X1 COMPLETO,PRODUCTO
TORNILLERIA,OTROS TORNILLOS,,425400,TORN HEX CAB/RED 3/16X1/2,PRODUCTO
TORNILLERIA,OTROS TORNILLOS,,425401,TORNILLO C/REDONDO 3/16X1-1/2,PRODUCTO
TORNILLERIA,OTROS TORNILLOS,,425403,TORNILLO C/REDONDO 3/16X1,PRODUCTO
TORNILLERIA,OTROS TORNILLOS,,425404,TORNILLO ACE/INOX 1/4X2,PRODUCTO
TORNILLERIA,OTROS TORNILLOS,,425405,TORNILLO ACE/INOX 3/8X2 COMPLETO,PRODUCTO
TORNILLERIA,OTROS TORNILLOS,,425406,TORNILLO ACE/INOX 3/8X1,PRODUCTO
TORNILLERIA,OTROS TORNILLOS,,425407,TORNILLO ACE/INOX 3/8X1-1/4,PRODUCTO
TORNILLERIA,OTROS TORNILLOS,,425408,"TORN HEX 10MMX3/4""",PRODUCTO
TORNILLERIA,OTROS TORNILLOS,,425409,TORNILLO ACE/INOX 3/8X1-1/2,PRODUCTO
TORNILLERIA,OTROS TORNILLOS,,425410,TORN HEX DE OJO 5/8X12,PRODUCTO
TORNILLERIA,OTROS TORNILLOS,,425413,TORNILLO CENTRO 1/2X6 C/TUERCA,PRODUCTO
TORNILLERIA,OTROS TORNILLOS,,425415,TORNILLO ACE/INOX 10MMX25MM HEX,PRODUCTO
TORNILLERIA,OTROS TORNILLOS,,425416,TORNILLO ACE/INOX 10MMX80MM HEX,PRODUCTO
TORNILLERIA,OTROS TORNILLOS,,425417,TORNILLO ACE/INOX 12MMX100MM HEX,PRODUCTO
TORNILLERIA,OTROS TORNILLOS,,425418,TORNILLO GOLOSO 1/8X1-1/2,PRODUCTO
TORNILLERIA,OTROS TORNILLOS,,425419,TORNILLO GOLOSO 1/8X1-1/4,PRODUCTO
TORNILLERIA,OTROS TORNILLOS,,425420,TORNILLO GOLOSO 1/2X5,PRODUCTO
TORNILLERIA,OTROS TORNILLOS,,425421,TORNILLO HEX 10X75X1.5MM,PRODUCTO
TORNILLERIA,OTROS TORNILLOS,,425422,TORNILLO GOLOSO 3/16X1,PRODUCTO
TORNILLERIA,OTROS TORNILLOS,,425423,TORNILLO HEX M10X20MM R.G.,PRODUCTO
TORNILLERIA,OTROS TORNILLOS,,425424,TORNILLO GOLOZO 3/8X6,PRODUCTO
TORNILLERIA,OTROS TORNILLOS,,425425,TORNILLO GOLOZO 3/8X6 (C/C 200PCS),PRODUCTO
TORNILLERIA,OTROS TORNILLOS,,425426,TORNILLO GOLOSO 3/8X6,PRODUCTO
TORNILLERIA,OTROS TORNILLOS,,425429,TORNILLO GALV 3/16X1,PRODUCTO
TORNILLERIA,OTROS TORNILLOS,,425430,TORNILLO C/REDONDA 3/8X3 TALL,PRODUCTO
TORNILLERIA,OTROS TORNILLOS,,425431,TORNILLO GOLOSO 5/32X2-1/2,PRODUCTO
TORNILLERIA,OTROS TORNILLOS,,425432,TORNILLO C/AVELLANADA 3/4X2,PRODUCTO
TORNILLERIA,OTROS TORNILLOS,,425433,TORNILLO R/F 3/16X1-1/2,PRODUCTO
TORNILLERIA,OTROS TORNILLOS,,425434,TORNILLO C/REDONDA 3/8X2 TAS,PRODUCTO
TORNILLERIA,OTROS TORNILLOS,,425435,TORNILLO GOLOSO 1/4X3,PRODUCTO
TORNILLERIA,OTROS TORNILLOS,,425436,TORNILLO C/REDONDO 3/8X2-1/2 C/TUERCA,PRODUCTO
TORNILLERIA,OTROS TORNILLOS,,425437,TORNILLO C/REDONDO 3/8X3 C/TUERCA,PRODUCTO
TORNILLERIA,OTROS TORNILLOS,,425438,TORNILLO GOLOZO 7X3/4,PRODUCTO
TORNILLERIA,OTROS TORNILLOS,,425439,TORNILLO GALV 1/4X1,PRODUCTO
TORNILLERIA,OTROS TORNILLOS,,425440,TORNILLO ACE/INOX 6X20MM HEX,PRODUCTO
TORNILLERIA,OTROS TORNILLOS,,425441,TORNILLO ACE/INOX 8X30MM HEX,PRODUCTO
TORNILLERIA,OTROS TORNILLOS,,425442,TORNILLO ACE/INOX 8X25MM HEX,PRODUCTO
TORNILLERIA,OTROS TORNILLOS,,425443,TORNILLO ACE/INOX 6X12MM HEX,PRODUCTO
TORNILLERIA,OTROS TORNILLOS,,425444,TORNILLO ACE/INOX 12X30MM ALLEN,PRODUCTO
TORNILLERIA,OTROS TORNILLOS,,425445,TORNILLO ACE/INOX 3/8X3-1/2,PRODUCTO
TORNILLERIA,OTROS TORNILLOS,,425446,TORNILLO GOLOSO 1/2X7,PRODUCTO
TORNILLERIA,OTROS TORNILLOS,,425448,TORNILLO ACE/INOX 8X35MM HEX,PRODUCTO
TORNILLERIA,OTROS TORNILLOS,,425449,TORNILLO GOLOSO 1/2X6,PRODUCTO
TORNILLERIA,OTROS TORNILLOS,,425450,TORNILLO ACE/INOX 1/2X1-1/2,PRODUCTO
TORNILLERIA,OTROS TORNILLOS,,425470,TORNILLO M12X60 COMPLETO,PRODUCTO
TORNILLERIA,OTROS TORNILLOS,,425471,TORNILLO M22X110 COMPLETO,PRODUCTO
TORNILLERIA,OTROS TORNILLOS,,425472,TORNILLO M20X90 COMPLETO,PRODUCTO
TORNILLERIA,OTROS TORNILLOS,,425473,TORNILLO M12X50MM COMPL,PRODUCTO
TORNILLERIA,OTROS TORNILLOS,,425474,TORNILLO TIRAFONDO 1/4X12,PRODUCTO
TORNILLERIA,OTROS TORNILLOS,,425475,TORNILLO M22X100,PRODUCTO
TORNILLERIA,OTROS TORNILLOS,,425476,TORNILLO M8X40MM COMP,PRODUCTO
TORNILLERIA,OTROS TORNILLOS,,425477,TORNILLO M14X70MMX1.75 G-8.8 COMP,PRODUCTO
TORNILLERIA,OTROS TORNILLOS,,425478,TORNILLO M8X20MM CAB. ESPECIAL,PRODUCTO
TORNILLERIA,OTROS TORNILLOS,,425479,TORNILLO M14X1.50 TAPON MODIF,PRODUCTO
TORNILLERIA,OTROS TORNILLOS,,425480,TORN HEX C/TUERC 10X50MM,PRODUCTO
TORNILLERIA,OTROS TORNILLOS,,425481,TORNILLO TIRAFONDO 16,PRODUCTO
TORNILLERIA,OTROS TORNILLOS,,425482,TORNILLO M10X30MMX1.75 G-8.8 COMP,PRODUCTO
TORNILLERIA,OTROS TORNILLOS,,425483,TORNILLO M16X35MMX1.75 G-8.8 COMP,PRODUCTO
TORNILLERIA,OTROS TORNILLOS,,425484,TORNILLO M16X120MM G-8.8,PRODUCTO
TORNILLERIA,OTROS TORNILLOS,,425485,TORNILLO M16X75MMX1.75 G-8.8 COMP,PRODUCTO
TORNILLERIA,OTROS TORNILLOS,,425486,TORNILLO M10X25MMX1.75 G-8.8 COMP,PRODUCTO
TORNILLERIA,OTROS TORNILLOS,,425487,TORNILLO A/INOX M8X25X1.0,PRODUCTO
TORNILLERIA,OTROS TORNILLOS,,425488,TORNILLO M16X70MMX1.75 G-8.8 COMP,PRODUCTO
TORNILLERIA,OTROS TORNILLOS,,425489,TORNILLO M16X50MMX1.75 G-8.8 COMP,PRODUCTO
TORNILLERIA,OTROS TORNILLOS,,425490,TORNILLO M10X50MM COMPL,PRODUCTO
TORNILLERIA,OTROS TORNILLOS,,425494,TORNILLO GOLOSO HEX 3/8X5-1/2,PRODUCTO
TORNILLERIA,OTROS TORNILLOS,,425495,TORNILLO GOLOSO HEX 3/8X6 d-300 taller,PRODUCTO
TORNILLERIA,OTROS TORNILLOS,,425496,TORNILLO GOLOSO HEX 1/2X8,PRODUCTO
TORNILLERIA,OTROS TORNILLOS,,425497,TORNILLO GOLOSO HEX 3/8X7 d-750 taller,PRODUCTO
TORNILLERIA,OTROS TORNILLOS,,425510,TORNILLO TIRAFONDO 1/2X8,PRODUCTO
TORNILLERIA,OTROS TORNILLOS,,425511,TORNILLO TIRAFONDO 1/2X7,PRODUCTO
TORNILLERIA,OTROS TORNILLOS,,425512,TORNILLO TIRAFONDO 5/16X5-1/2,PRODUCTO
TORNILLERIA,OTROS TORNILLOS,,425513,TORNILLO TIRAFONDO 1/4X6,PRODUCTO
TORNILLERIA,OTROS TORNILLOS,,425514,TORNILLO TIRAFONDO 1/4X5-1/2,PRODUCTO
TORNILLERIA,OTROS TORNILLOS,,425515,TORNILLO TIRAFONDO 3/8X6,PRODUCTO
TORNILLERIA,OTROS TORNILLOS,,425810,TORNILLO GALV T/ROSCA 3/8X3,PRODUCTO
TORNILLERIA,OTROS TORNILLOS,,425900,TORNILLO COMP M12X35X1.75 R/CORR,PRODUCTO
TORNILLERIA,OTROS TORNILLOS,,425901,TORNILLO GAL. M10X25 COMPL,PRODUCTO
TORNILLERIA,OTROS TORNILLOS,,425902,TORNILLO HEX M10X45MMX1.75 G-8.8 COMP,PRODUCTO
TORNILLERIA,OTROS TORNILLOS,,425910,TORN PHILLIPS R/FINA 3/16X1-1/2,PRODUCTO
TORNILLERIA,OTROS TORNILLOS,,425911,TORN PHILLIPS R/FINA 3/16X2,PRODUCTO
TORNILLERIA,OTROS TORNILLOS,,425912,TORN PHILLIPS R/FINA 3/16X3,PRODUCTO
TORNILLERIA,OTROS TORNILLOS,,425920,TUERCA  A/INOX M10,PRODUCTO
TORNILLERIA,OTROS TORNILLOS,,425930,TORNILLO M5X20,PRODUCTO
TORNILLERIA,OTROS TORNILLOS,,425931,TORNILLO M3X20,PRODUCTO
TORNILLERIA,OTROS TORNILLOS,,455500,VARILLA ROSCADA GALV 1/2X72,PRODUCTO
TORNILLERIA,OTROS TORNILLOS,,455501,VARILLA ROSCADA 7/8X39 (1MT),PRODUCTO
TORNILLERIA,OTROS TORNILLOS,,455510,VARILLA ROSCADA GALV 1X72,PRODUCTO
TORNILLERIA,OTROS TORNILLOS,,455511,VARILLA ROSCADA GALV 1-1/4X2MTS,PRODUCTO
TORNILLERIA,OTROS TORNILLOS,,455512,VARILLA ROSCADA M12 (1 METRO),PRODUCTO
TORNILLERIA,OTROS TORNILLOS,,455513,VARILLA ROSCADA GALV 1-1/4X1MTS,PRODUCTO
TORNILLERIA,OTROS TORNILLOS,,455515,VARILLA ROSCADA GALV 3/4X72,PRODUCTO
TORNILLERIA,OTROS TORNILLOS,,455516,VARILLA ROSCADA 3/4X78 (2MT),PRODUCTO
TORNILLERIA,OTROS TORNILLOS,,455520,VARILLA ROSCADA GALV 7/8X72,PRODUCTO
TORNILLERIA,OTROS TORNILLOS,,455521,VARILLA ROSCADA 5/8X1MT,PRODUCTO
TORNILLERIA,OTROS TORNILLOS,,455522,VARILLA ROSCA 1/4X3MTS,PRODUCTO
TORNILLERIA,OTROS TORNILLOS,,455523,VARILLA ROSCADA 1X78 (2MT),PRODUCTO
TORNILLERIA,OTROS TORNILLOS,,455530,VARILLA ROSCADA 5/8X78 (2MT),PRODUCTO
TORNILLERIA,OTROS TORNILLOS,,455531,VARILLA ROSCADA GALV 5/8X72,PRODUCTO
TORNILLERIA,OTROS TORNILLOS,,457000,TORNILLO C/PLANA ALLEN 1/2X2,PRODUCTO
TORNILLERIA,OTROS TORNILLOS,,457100,TORNILLO CENTRO 1/2X8 SUPER T,PRODUCTO
TORNILLERIA,OTROS TORNILLOS,,457103,TORNILLO ALLEN 10MMX30MM,PRODUCTO
TORNILLERIA,OTROS TORNILLOS,,457104,TORNILLO ALLEN 10MMX35MM,PRODUCTO
TORNILLERIA,OTROS TORNILLOS,,457105,VARILLA ROSCADA 3/4X39 (1MT),PRODUCTO
TORNILLERIA,OTROS TORNILLOS,,457106,TORNILLO ALLEN 10X60MM,PRODUCTO
TORNILLERIA,OTROS TORNILLOS,,457110,TORNILLO C/REDONDA 3/16X4,PRODUCTO
TORNILLERIA,OTROS TORNILLOS,,457111,TORNILLO ALLEN 5/16X3/4,PRODUCTO
TORNILLERIA,OTROS TORNILLOS,,457112,TORNILLO ALLEN 5/16X1,PRODUCTO
TORNILLERIA,OTROS TORNILLOS,,457113,TORNILLO ALLEN 3/8X3,PRODUCTO
TORNILLERIA,OTROS TORNILLOS,,457114,TORNILLO ALLEN 3/8X3/4 A/INOX,PRODUCTO
TORNILLERIA,OTROS TORNILLOS,,457115,TORNILLO ALLEN 1/2X2-1/2,PRODUCTO
TORNILLERIA,OTROS TORNILLOS,,457116,TORNILLO ALLEN 3/4X1-1/2,PRODUCTO
TORNILLERIA,OTROS TORNILLOS,,457117,TORNILLO ALLEN 1/2X2,PRODUCTO
TORNILLERIA,OTROS TORNILLOS,,457118,TORNILLO ALLEN CILINDRICO 3/8X1-1/4,PRODUCTO
TORNILLERIA,OTROS TORNILLOS,,457119,TORNILLO ALLEN 1/2X1,PRODUCTO
TORNILLERIA,OTROS TORNILLOS,,457120,TORNILLO ALLEN 5/8X1-1/4,PRODUCTO
TORNILLERIA,OTROS TORNILLOS,,457121,TORNILLO ALLEN 5/8X2,PRODUCTO
TORNILLERIA,OTROS TORNILLOS,,457125,TORNILLO C/ALLEN 3/8X1-1/2,PRODUCTO
TORNILLERIA,OTROS TORNILLOS,,457126,TORNILLO ALLEN 5X60MM,PRODUCTO
TORNILLERIA,OTROS TORNILLOS,,457130,TORNILLO ALLEN 5/8X2-1/2,PRODUCTO
TORNILLERIA,OTROS TORNILLOS,,458110,TORN HEX G-8 5/16X5,PRODUCTO
TORNILLERIA,OTROS TORNILLOS,,601081,CEPILLO P/PULIDORA DE 3X5/8,PRODUCTO
TORNILLERIA,OTROS TORNILLOS,,607668,PRISIONERO 3/16X3/16 A/INOX,PRODUCTO
TORNILLERIA,TORNILLO G-5,,405314,TORN HEX G-5 7/8X6,PRODUCTO
TORNILLERIA,TORNILLO G-5,,425010,TORN HEX G-5 1/2X1-1/2,PRODUCTO
TORNILLERIA,TORNILLO G-5,,425012,TORN HEX G-5 1/2X1-1/4,PRODUCTO
TORNILLERIA,TORNILLO G-5,,425030,TORN HEX G-5 1/2X1/2,PRODUCTO
TORNILLERIA,TORNILLO G-5,,425040,TORNILLO P/ASBESTO 1/4X16,PRODUCTO
TORNILLERIA,TORNILLO G-5,,425045,TORN HEX C/TUERCA 3/4X3,PRODUCTO
TORNILLERIA,TORNILLO G-5,,425050,TORN HEX G-5 1/4X1,PRODUCTO
TORNILLERIA,TORNILLO G-5,,425053,TORN HEX G-5 1/4X1-1/4,PRODUCTO
TORNILLERIA,TORNILLO G-5,,425055,TORN HEX G-5 1/4X1/2,PRODUCTO
TORNILLERIA,TORNILLO G-5,,425060,TORN HEX G-5 1/4X1-1/2,PRODUCTO
TORNILLERIA,TORNILLO G-5,,425061,TORN HEX NC G-5 1/4X1-1/2,PRODUCTO
TORNILLERIA,TORNILLO G-5,,425065,TORN HEX G-5 1/4X2,PRODUCTO
TORNILLERIA,TORNILLO G-5,,425066,TORN HEX G-5 1/4X2-1/2,PRODUCTO
TORNILLERIA,TORNILLO G-5,,425067,TORN HEX NC G-5 1/4X3,PRODUCTO
TORNILLERIA,TORNILLO G-5,,425070,TORN HEX G-5 1/4X3/4,PRODUCTO
TORNILLERIA,TORNILLO G-5,,425073,TORN HEX G-5 1/4X3/4 BAR,PRODUCTO
TORNILLERIA,TORNILLO G-5,,425075,TORN HEX G-5 1-1/8X3,PRODUCTO
TORNILLERIA,TORNILLO G-5,,425076,TORN HEX G-5 1/4X6,PRODUCTO
TORNILLERIA,TORNILLO G-5,,425080,TORN HEX G-5 1-1/8X4,PRODUCTO
TORNILLERIA,TORNILLO G-5,,425082,TORN HEX G-5 1-1/8X4 1/2 RG,PRODUCTO
TORNILLERIA,TORNILLO G-5,,425085,TORN HEX G-5 1-1/8X5,PRODUCTO
TORNILLERIA,TORNILLO G-5,,425087,TORN HEX G-5 1-1/8X7,PRODUCTO
TORNILLERIA,TORNILLO G-5,,425090,TORN HEX G-5 1/2X3,PRODUCTO
TORNILLERIA,TORNILLO G-5,,425093,TORN HEX G-5 1/2X4,PRODUCTO
TORNILLERIA,TORNILLO G-5,,425095,TORN HEX G-5 3/4X2-1/2,PRODUCTO
TORNILLERIA,TORNILLO G-5,,425100,TORN HEX G-8 3/4X3-1/2,PRODUCTO
TORNILLERIA,TORNILLO G-5,,425103,TORN HEX G-5 3/4X4,PRODUCTO
TORNILLERIA,TORNILLO G-5,,425105,TORN HEX G-5 3/4X4-1/2,PRODUCTO
TORNILLERIA,TORNILLO G-5,,425110,TORN HEX G-5 3/4X6,PRODUCTO
TORNILLERIA,TORNILLO G-5,,425111,TORN HEX G-5 3/8X1 COMPLETO,PRODUCTO
TORNILLERIA,TORNILLO G-5,,425113,TORN HEX G-5 3/8X3/4,PRODUCTO
TORNILLERIA,TORNILLO G-5,,425115,TORN HEX G-5 3/8X1,PRODUCTO
TORNILLERIA,TORNILLO G-5,,425118,TORN HEX ACERO 5/16X1-1/2,PRODUCTO
TORNILLERIA,TORNILLO G-5,,425120,TORN HEX G-5 3/8X1-1/2 COMPLETO,PRODUCTO
TORNILLERIA,TORNILLO G-5,,425123,TORN HEX 3/8X1-1/2 R/FINA,PRODUCTO
TORNILLERIA,TORNILLO G-5,,425125,TORN HEX G-5 3/8X1-1/4,PRODUCTO
TORNILLERIA,TORNILLO G-5,,425126,TORN HEX G-5 3/8X1-1/2,PRODUCTO
TORNILLERIA,TORNILLO G-5,,425130,TORN HEX G-5 3/8X2,PRODUCTO
TORNILLERIA,TORNILLO G-5,,425131,TORN HEX NC G-5 5/16X1,PRODUCTO
TORNILLERIA,TORNILLO G-5,,425133,TORN HEX G-5 5/16X3/4,PRODUCTO
TORNILLERIA,TORNILLO G-5,,425135,ARANDELA PRESION 5/8,PRODUCTO
TORNILLERIA,TORNILLO G-5,,425137,TORN HEX G-5 5/16X1-1/4,PRODUCTO
TORNILLERIA,TORNILLO G-5,,425140,TORN HEX G-5 5/16X1-1/2,PRODUCTO
TORNILLERIA,TORNILLO G-5,,425141,TORN HEX G-5 5/16X1,PRODUCTO
TORNILLERIA,TORNILLO G-5,,425142,TORN HEX G-5 5/16X1,PRODUCTO
TORNILLERIA,TORNILLO G-5,,425145,TORN HEX G-5 5/16X2,PRODUCTO
TORNILLERIA,TORNILLO G-5,,425146,TORN HEX NC G-5 5/16X2,PRODUCTO
TORNILLERIA,TORNILLO G-5,,425150,TORN HEX G-5 5/16X3,PRODUCTO
TORNILLERIA,TORNILLO G-5,,425151,TORN HEX NC G-5 5/16X3,PRODUCTO
TORNILLERIA,TORNILLO G-5,,425153,TORN HEX G-5 5/16X4,PRODUCTO
TORNILLERIA,TORNILLO G-5,,425154,TORN HEX NC G-5 5/16X4,PRODUCTO
TORNILLERIA,TORNILLO G-5,,425155,TORN HEX G-5 5/8X1/2,PRODUCTO
TORNILLERIA,TORNILLO G-5,,425157,TORN HEX G-5 5/16X5,PRODUCTO
TORNILLERIA,TORNILLO G-5,,425160,TORN HEX G-5 5/8X2,PRODUCTO
TORNILLERIA,TORNILLO G-5,,425165,TORN HEX G-5 5/8X2-1/2,PRODUCTO
TORNILLERIA,TORNILLO G-5,,425170,TORN HEX G-5 5/8X3,PRODUCTO
TORNILLERIA,TORNILLO G-5,,425175,TORN HEX G-5 5/16X2-1/2,PRODUCTO
TORNILLERIA,TORNILLO G-5,,425180,TORN HEX G-5 7/16X1-1/2,PRODUCTO
TORNILLERIA,TORNILLO G-5,,425181,TORN HEX G-5 7/16X2,PRODUCTO
TORNILLERIA,TORNILLO G-5,,425184,TORN HEX G-5 7/16X4,PRODUCTO
TORNILLERIA,TORNILLO G-5,,425185,TORN HEX G-5 7/16X1,PRODUCTO
TORNILLERIA,TORNILLO G-5,,425186,TORN HEX G-5 7/16X2-1/2,PRODUCTO
TORNILLERIA,TORNILLO G-5,,425190,TORN HEX G-5 7/8X2-1/2,PRODUCTO
TORNILLERIA,TORNILLO G-5,,425195,TORN HEX G-5 9/16X2,PRODUCTO
TORNILLERIA,TORNILLO G-5,,425197,TORN HEX G-5 9/16X4,PRODUCTO
TORNILLERIA,TORNILLO G-5,,425198,TORN HEX G-5 9/16X5,PRODUCTO
TORNILLERIA,TORNILLO G-5,,425200,TORN HEX G-5 1/2X3 C/TU,PRODUCTO
TORNILLERIA,TORNILLO G-5,,425205,TORN HEX G-5 1-1/2X4-1/2,PRODUCTO
TORNILLERIA,TORNILLO G-5,,425206,TORN HEX G-5 1-1/2X8,PRODUCTO
TORNILLERIA,TORNILLO G-5,,425212,TORN HEX GALV 5/16X1,PRODUCTO
TORNILLERIA,TORNILLO G-5,,425215,TORN HEX G-5 1X3,PRODUCTO
TORNILLERIA,TORNILLO G-5,,425217,TORN HEX G-5 1X2-1/2,PRODUCTO
TORNILLERIA,TORNILLO G-5,,425219,TORN HEX G-5 1X4-1/2,PRODUCTO
TORNILLERIA,TORNILLO G-5,,425220,TORN HEX G-5 1X3-1/2,PRODUCTO
TORNILLERIA,TORNILLO G-5,,425221,TORN HEX G-5 1X4,PRODUCTO
TORNILLERIA,TORNILLO G-5,,425223,TORN HEX G-5 1X5,PRODUCTO
TORNILLERIA,TORNILLO G-5,,425225,TORN HEX G-5 1X6,PRODUCTO
TORNILLERIA,TORNILLO G-5,,425230,TORN HEX G-5 1/2X1,PRODUCTO
TORNILLERIA,TORNILLO G-5,,425235,TORN HEX G-5 1/2X2,PRODUCTO
TORNILLERIA,TORNILLO G-5,,425236,TORN HEX G-5 1/2X2 ROSCA FINA,PRODUCTO
TORNILLERIA,TORNILLO G-5,,425240,TORN HEX G-5 1/2X5,PRODUCTO
TORNILLERIA,TORNILLO G-5,,425242,TORN HEX G-5 1/2X7,PRODUCTO
TORNILLERIA,TORNILLO G-5,,425243,TORN HEX G-5 1/2X8,PRODUCTO
TORNILLERIA,TORNILLO G-5,,425245,TORN HEX G-5 1/2X2 1/2,PRODUCTO
TORNILLERIA,TORNILLO G-5,,425247,TORN HEX G-5 1/2X3,PRODUCTO
TORNILLERIA,TORNILLO G-5,,425250,TORN HEX G-5 1/2X3-1/2,PRODUCTO
TORNILLERIA,TORNILLO G-5,,425251,TORN HEX G-5 1/2X4,PRODUCTO
TORNILLERIA,TORNILLO G-5,,425253,TORN HEX G-5 1/2X6,PRODUCTO
TORNILLERIA,TORNILLO G-5,,425255,TORN HEX G-5 3/4X2,PRODUCTO
TORNILLERIA,TORNILLO G-5,,425258,TORN HEX G-5 3/4X3,PRODUCTO
TORNILLERIA,TORNILLO G-5,,425260,TORN HEX G-5 3/4X5,PRODUCTO
TORNILLERIA,TORNILLO G-5,,425261,TORN HEX G-5 3/4X5-1/2,PRODUCTO
TORNILLERIA,TORNILLO G-5,,425262,TORN HEX G-5 3/4X7,PRODUCTO
TORNILLERIA,TORNILLO G-5,,425265,TORN HEX G-5 3/4X8,PRODUCTO
TORNILLERIA,TORNILLO G-5,,425270,TORN HEX G-5 3/4X9,PRODUCTO
TORNILLERIA,TORNILLO G-5,,425272,TORN HEX G-5 3/4X12,PRODUCTO
TORNILLERIA,TORNILLO G-5,,425280,TORN HEX G-5 3/8X3,PRODUCTO
TORNILLERIA,TORNILLO G-5,,425282,TORN HEX G-5 3/8X3-1/2,PRODUCTO
TORNILLERIA,TORNILLO G-5,,425286,TORN HEX G-5 3/8X5,PRODUCTO
TORNILLERIA,TORNILLO G-5,,425287,TORN HEX G-5 3/8X8,PRODUCTO
TORNILLERIA,TORNILLO G-5,,425290,TORN HEX G-5 3/8X2-1/2,PRODUCTO
TORNILLERIA,TORNILLO G-5,,425295,TORN HEX G-5 5/8X4,PRODUCTO
TORNILLERIA,TORNILLO G-5,,425297,TORN HEX G-5 5/8X4-1/2 RG,PRODUCTO
TORNILLERIA,TORNILLO G-5,,425300,TORN HEX G-5 5/8X5,PRODUCTO
TORNILLERIA,TORNILLO G-5,,425301,TORN HEX G-5 5/8X5-1/2,PRODUCTO
TORNILLERIA,TORNILLO G-5,,425302,TORN HEX G-5  5/8X6,PRODUCTO
TORNILLERIA,TORNILLO G-5,,425303,TORN HEX G-5 5/8X9,PRODUCTO
TORNILLERIA,TORNILLO G-5,,425305,TORN HEX G-5 5/8X3-1/2,PRODUCTO
TORNILLERIA,TORNILLO G-5,,425308,TORN HEX G-5 5/8X8,PRODUCTO
TORNILLERIA,TORNILLO G-5,,425310,TORN HEX G-5 7/8X2,PRODUCTO
TORNILLERIA,TORNILLO G-5,,425312,TORN HEX G-5 7/8X3,PRODUCTO
TORNILLERIA,TORNILLO G-5,,425313,TORN HEX G-5 7/8X5,PRODUCTO
TORNILLERIA,TORNILLO G-5,,425314,TORN HEX G-5 5/8X6,PRODUCTO
TORNILLERIA,TORNILLO G-5,,425315,TORN HEX G-5 7/8X3-1/2,PRODUCTO
TORNILLERIA,TORNILLO G-5,,425316,TORN HEX G-5 7/8X7,PRODUCTO
TORNILLERIA,TORNILLO G-5,,425317,TORN HEX G-5 7/8X4,PRODUCTO
TORNILLERIA,TORNILLO G-5,,425318,TORN HEX G-5 7/8X4-1/2,PRODUCTO
TORNILLERIA,TORNILLO G-5,,425319,TORN HEX G-5 7/8X5  R.F. COMPLETO,PRODUCTO
TORNILLERIA,TORNILLO G-5,,425320,TORN HEX G-5 3/4X1-1/2,PRODUCTO
TORNILLERIA,TORNILLO G-5,,425323,TORN HEX G-5 7/8X8,PRODUCTO
TORNILLERIA,TORNILLO G-5,,425325,TORN HEX G-5 9/16X1-1/2,PRODUCTO
TORNILLERIA,TORNILLO G-5,,425360,TORN HEX G-5 1X12,PRODUCTO
TORNILLERIA,TORNILLO G-5,,425365,TORN HEX G-5 1-1/4X4 UNC,PRODUCTO
TORNILLERIA,TORNILLO G-5,,425370,TORN HEX G-5 1-1/4X5 UNC,PRODUCTO
TORNILLERIA,TORNILLO G-5,,425371,TORN HEX G-5 1-1/4X5,PRODUCTO
TORNILLERIA,TORNILLO G-5,,425375,TORN HEX G-5 1-1/4X6  NC,PRODUCTO
TORNILLERIA,TORNILLO G-5,,425402,TORN HEX G-5 3/16X2,PRODUCTO
TORNILLERIA,TORNILLO G-5,,425411,TORN HEX G-5 5/8X1,PRODUCTO
TORNILLERIA,TORNILLO G-5,,425412,TORN HEX G-5 5/8X2 R.F.,PRODUCTO
TORNILLERIA,TORNILLO G-5,,425414,TORN HEX G-5 5/8X1-1/2,PRODUCTO
TORNILLERIA,TORNILLO G-5,,425452,TORN HEX G-5 5/8X7,PRODUCTO
TORNILLERIA,TORNILLO G-5,,425453,TORN HEX G-8   7/8X6,PRODUCTO
TORNILLERIA,TORNILLO G-5,,425454,TORN HEX G-5 5/8X10,PRODUCTO
TORNILLERIA,TORNILLO G-5,,425455,TORN HEX G-5 3/4X2 RG,PRODUCTO
TORNILLERIA,TORNILLO G-5,,425457,TORNILLO ACE/INOX 1/2X4-1/2,PRODUCTO
TORNILLERIA,TORNILLO G-5,,425458,TORN HEX G-5 1/2X1-1/2 COMPLETO,PRODUCTO
TORNILLERIA,TORNILLO G-5,,425459,TORN HEX G-5 5/8X6 R.F.,PRODUCTO
TORNILLERIA,TORNILLO G-5,,425460,TORN HEX G-5 3/4X3-1/2,PRODUCTO
TORNILLERIA,TORNILLO G-5,,425463,TORN HEX G-5 3/4X6 RG,PRODUCTO
TORNILLERIA,TORNILLO G-5,,425464,TORN HEX G-5 1X7 RG,PRODUCTO
TORNILLERIA,TORNILLO G-5,,425465,TORN HEX G-5 1X8 RG,PRODUCTO
TORNILLERIA,TORNILLO G-5,,425467,TORN HEX G-5 7/8X3 RG,PRODUCTO
TORNILLERIA,TORNILLO G-5,,425468,TORN HEX G-5 1X2 RG,PRODUCTO
TORNILLERIA,TORNILLO G-5,,425469,TORN HEX G-5 1X10 RG,PRODUCTO
TORNILLERIA,TORNILLO G-5,,425492,TORNILLO M10X60X1.5 8.8,PRODUCTO
TORNILLERIA,TORNILLO G-5,,425578,TORN HEX G-5 3/8X1 R/FINA,PRODUCTO
TORNILLERIA,TORNILLO G-5,,425581,TUERCA HEX GR-5  3/4-2H H.N.,PRODUCTO
TORNILLERIA,TORNILLO G-5,,426961,TUERCA HEX GR-5  9/16 R/FINA,PRODUCTO
TORNILLERIA,TORNILLO G-5,,457990,TORN HEX G-5 3/8X3/4,PRODUCTO
TORNILLERIA,TORNILLO G-5,,458035,TORN HEX G-5 3/8X4,PRODUCTO
TORNILLERIA,TORNILLO G-8,,421020,TORN HEX G-8 1/4X1,PRODUCTO
TORNILLERIA,TORNILLO G-8,,421021,TORN HEX G-8 1/4X4,PRODUCTO
TORNILLERIA,TORNILLO G-8,,421022,TORN HEX G-8 1/4X3,PRODUCTO
TORNILLERIA,TORNILLO G-8,,421023,TORN HEX G-8 1/4X1 COMPLETO,PRODUCTO
TORNILLERIA,TORNILLO G-8,,421024,TORN HEX G-8 1/4X2 COMPLETO,PRODUCTO
TORNILLERIA,TORNILLO G-8,,421025,TORN HEX G-8 1/4X1-1/4,PRODUCTO
TORNILLERIA,TORNILLO G-8,,425007,TORN HEX G-8 3/4X1-1/2,PRODUCTO
TORNILLERIA,TORNILLO G-8,,425285,TORN HEX G-8 5/16X1,PRODUCTO
TORNILLERIA,TORNILLO G-8,,425700,TORN HEX G-8 1X1-1/2,PRODUCTO
TORNILLERIA,TORNILLO G-8,,425701,TORN HEX G-8 1X2-1/2,PRODUCTO
TORNILLERIA,TORNILLO G-8,,425702,TORN HEX G-8 1X2,PRODUCTO
TORNILLERIA,TORNILLO G-8,,426903,TORN HEX G-8 1-1/4X3 R.G.,PRODUCTO
TORNILLERIA,TORNILLO G-8,,426904,TORN HEX G-8 5/16X2-1/2,PRODUCTO
TORNILLERIA,TORNILLO G-8,,426905,TORN HEX G-8 1-1/4X2-1/2,PRODUCTO
TORNILLERIA,TORNILLO G-8,,428031,TORN HEX G-8 1X10,PRODUCTO
TORNILLERIA,TORNILLO G-8,,428032,TORN HEX G-8 1X12,PRODUCTO
TORNILLERIA,TORNILLO G-8,,428060,TORN HEX G-8 1/2X4,PRODUCTO
TORNILLERIA,TORNILLO G-8,,457890,TORN HEX G-8 1-1/8X6,PRODUCTO
TORNILLERIA,TORNILLO G-8,,457891,TORN HEX G-8 1-1/8X4-1/2,PRODUCTO
TORNILLERIA,TORNILLO G-8,,457892,TORN HEX G-8 1-1/8X8,PRODUCTO
TORNILLERIA,TORNILLO G-8,,457893,TORN HEX G-8 1-1/8X3,PRODUCTO
TORNILLERIA,TORNILLO G-8,,457894,TORN HEX G-8 1-1/8X7,PRODUCTO
TORNILLERIA,TORNILLO G-8,,457895,TORN HEX G-8 1-1/8X5,PRODUCTO
TORNILLERIA,TORNILLO G-8,,457896,TORN HEX G-8 1-1/8X10,PRODUCTO
TORNILLERIA,TORNILLO G-8,,457900,TORN HEX G-8 1-1/4X3 R.F.,PRODUCTO
TORNILLERIA,TORNILLO G-8,,457901,TORN HEX G-8 1-1/2X10,PRODUCTO
TORNILLERIA,TORNILLO G-8,,457902,TORN HEX G-8 1-1/2X5,PRODUCTO
TORNILLERIA,TORNILLO G-8,,457903,TORN HEX G-8 1-1/2X6,PRODUCTO
TORNILLERIA,TORNILLO G-8,,457904,TORN HEX G-8 1-1/2X4,PRODUCTO
TORNILLERIA,TORNILLO G-8,,457910,TORN HEX G-8 1-1/4X4 R.F.,PRODUCTO
TORNILLERIA,TORNILLO G-8,,457911,TORN HEX G-8 1-1/4X4,PRODUCTO
TORNILLERIA,TORNILLO G-8,,457912,TORN HEX G-8 1-1/4X4-1/2,PRODUCTO
TORNILLERIA,TORNILLO G-8,,457913,TORN HEX G-8 1-1/4X3-1/2,PRODUCTO
TORNILLERIA,TORNILLO G-8,,457914,TORN HEX G-8 1-1/4X5,PRODUCTO
TORNILLERIA,TORNILLO G-8,,457915,TORN HEX G-8 1-1/4X6,PRODUCTO
TORNILLERIA,TORNILLO G-8,,457916,TORN HEX G-8 1-1/4X7,PRODUCTO
TORNILLERIA,TORNILLO G-8,,457917,TORN HEX G-8 1-1/4X8,PRODUCTO
TORNILLERIA,TORNILLO G-8,,457918,TORN HEX G-8 1-1/4X7-1/2,PRODUCTO
TORNILLERIA,TORNILLO G-8,,457919,TORN HEX G-8 1-1/4X12,PRODUCTO
TORNILLERIA,TORNILLO G-8,,457920,TORN HEX G-8 1-1/4X7 NUE,PRODUCTO
TORNILLERIA,TORNILLO G-8,,457980,TORN HEX G-8 1X5 COMPLETO,PRODUCTO
TORNILLERIA,TORNILLO G-8,,457982,TORN HEX G-8 1X8 COMPLETO,PRODUCTO
TORNILLERIA,TORNILLO G-8,,458000,TORN HEX G-8 1/2X2-1/2,PRODUCTO
TORNILLERIA,TORNILLO G-8,,458001,TORN HEX G-8 1/2X2,PRODUCTO
TORNILLERIA,TORNILLO G-8,,458002,TORN HEX G-8 1/2X1,PRODUCTO
TORNILLERIA,TORNILLO G-8,,458003,TORN HEX G-8 1/2X3,PRODUCTO
TORNILLERIA,TORNILLO G-8,,458004,TORN HEX G-8 1/2X3-1/2,PRODUCTO
TORNILLERIA,TORNILLO G-8,,458005,TORN HEX G-8 1/2X1-1/2,PRODUCTO
TORNILLERIA,TORNILLO G-8,,458006,TORN HEX G-8 1/2X1-1/4,PRODUCTO
TORNILLERIA,TORNILLO G-8,,458007,TORN HEX G-8 1X3,PRODUCTO
TORNILLERIA,TORNILLO G-8,,458008,TORN HEX G-8 3/8X4,PRODUCTO
TORNILLERIA,TORNILLO G-8,,458009,TORN HEX G-8 3/8X1,PRODUCTO
TORNILLERIA,TORNILLO G-8,,458010,TORN HEX G-8 3/8X1-1/2,PRODUCTO
TORNILLERIA,TORNILLO G-8,,458011,TORN HEX G-8 3/8X3,PRODUCTO
TORNILLERIA,TORNILLO G-8,,458012,TORN HEX G-8 3/8X2-1/2,PRODUCTO
TORNILLERIA,TORNILLO G-8,,458013,TORN HEX G-8 1/4X3/4,PRODUCTO
TORNILLERIA,TORNILLO G-8,,458014,TORN HEX G-8 3/8X2,PRODUCTO
TORNILLERIA,TORNILLO G-8,,458015,TORN HEX G-8 1/4X1-1/2,PRODUCTO
TORNILLERIA,TORNILLO G-8,,458016,TORN HEX G-8 3/8X3-1/2,PRODUCTO
TORNILLERIA,TORNILLO G-8,,458017,TORN HEX G-8 5/8X1-1/2,PRODUCTO
TORNILLERIA,TORNILLO G-8,,458018,TORN HEX G-8 5/8X2,PRODUCTO
TORNILLERIA,TORNILLO G-8,,458019,TORN HEX G-8 5/8X2-1/2,PRODUCTO
TORNILLERIA,TORNILLO G-8,,458020,TORN HEX G-8 5/16X3,PRODUCTO
TORNILLERIA,TORNILLO G-8,,458021,TORN HEX G-8 1X4 D-100 CAH,PRODUCTO
TORNILLERIA,TORNILLO G-8,,458022,TORN HEX G-8 1X4-1/2,PRODUCTO
TORNILLERIA,TORNILLO G-8,,458023,TORN HEX G-8 1X5,PRODUCTO
TORNILLERIA,TORNILLO G-8,,458024,TORN HEX G-8 1X6,PRODUCTO
TORNILLERIA,TORNILLO G-8,,458025,TORN HEX G-8 1X8 R.G.,PRODUCTO
TORNILLERIA,TORNILLO G-8,,458026,TORN HEX G-8 1X7,PRODUCTO
TORNILLERIA,TORNILLO G-8,,458027,TORN HEX G-8 3/4X3,PRODUCTO
TORNILLERIA,TORNILLO G-8,,458028,TORN HEX G-8 3/4X3-1/2,PRODUCTO
TORNILLERIA,TORNILLO G-8,,458029,TORN HEX G-8 3/4X4-1/2,PRODUCTO
TORNILLERIA,TORNILLO G-8,,458030,TORN HEX G-8 3/4X6,PRODUCTO
TORNILLERIA,TORNILLO G-8,,458031,TORN HEX G-8 3/4X7,PRODUCTO
TORNILLERIA,TORNILLO G-8,,458032,TORN HEX G-8 5/16X3-1/2,PRODUCTO
TORNILLERIA,TORNILLO G-8,,458033,TORN HEX G-8 3/4X5,PRODUCTO
TORNILLERIA,TORNILLO G-8,,458034,TORN HEX G-8 5/16X2,PRODUCTO
TORNILLERIA,TORNILLO G-8,,458036,TORN HEX G-8 3/4X4,PRODUCTO
TORNILLERIA,TORNILLO G-8,,458037,TORN HEX G-8 3/4X10,PRODUCTO
TORNILLERIA,TORNILLO G-8,,458038,TORN HEX G-8 3/4X8,PRODUCTO
TORNILLERIA,TORNILLO G-8,,458039,TORN HEX G-8 3/4X12,PRODUCTO
TORNILLERIA,TORNILLO G-8,,458040,TORN HEX G-8 1X3-1/2,PRODUCTO
TORNILLERIA,TORNILLO G-8,,458041,TORN HEX G-8 5/8X1,PRODUCTO
TORNILLERIA,TORNILLO G-8,,458042,TORN HEX G-8 1X9,PRODUCTO
TORNILLERIA,TORNILLO G-8,,458043,TORN HEX G-8 5/16X3/4,PRODUCTO
TORNILLERIA,TORNILLO G-8,,458044,TORN HEX G-8 1X7-1/2,PRODUCTO
TORNILLERIA,TORNILLO G-8,,458045,TORN HEX G-8 1-1/4X10,PRODUCTO
TORNILLERIA,TORNILLO G-8,,458048,{TORN HEX G-8 3/4X3,PRODUCTO
TORNILLERIA,TORNILLO G-8,,458049,TORN HEX G-8 3/4X9,PRODUCTO
TORNILLERIA,TORNILLO G-8,,458050,TORN HEX G-8 9/16X2-12,PRODUCTO
TORNILLERIA,TORNILLO G-8,,458051,TORN HEX G-8 9/16X1-1/2,PRODUCTO
TORNILLERIA,TORNILLO G-8,,458054,TORN HEX G-8 9/16X4,PRODUCTO
TORNILLERIA,TORNILLO G-8,,458055,TORN HEX G-8  7/8X2-1/2 RG,PRODUCTO
TORNILLERIA,TORNILLO G-8,,458056,TORN HEX G-8 9/16X5,PRODUCTO
TORNILLERIA,TORNILLO G-8,,458060,PERNO 1-1/2X9 R.G,PRODUCTO
TORNILLERIA,TORNILLO G-8,,458061,TORN HEX G-8 1/2X5-1/2,PRODUCTO
TORNILLERIA,TORNILLO G-8,,458062,TORN HEX G-8 1/2X4-1/2,PRODUCTO
TORNILLERIA,TORNILLO G-8,,458063,TORN HEX G-8 1/2X7,PRODUCTO
TORNILLERIA,TORNILLO G-8,,458064,TORN HEX G-8 1/2X5,PRODUCTO
TORNILLERIA,TORNILLO G-8,,458065,TORN HEX G-8 1/2X6,PRODUCTO
TORNILLERIA,TORNILLO G-8,,458066,TORN HEX G-8 1/2X10,PRODUCTO
TORNILLERIA,TORNILLO G-8,,458067,TORN HEX G-8 1/2X8,PRODUCTO
TORNILLERIA,TORNILLO G-8,,458068,TORN HEX  G-8  1/2X7,PRODUCTO
TORNILLERIA,TORNILLO G-8,,458069,TORN HEX G-5 7/16X3/4,PRODUCTO
TORNILLERIA,TORNILLO G-8,,458070,TORN HEX G-8 7/16X2,PRODUCTO
TORNILLERIA,TORNILLO G-8,,458071,TORN HEX G-8 716X3,PRODUCTO
TORNILLERIA,TORNILLO G-8,,458072,TORN HEX G-8 7/16X4,PRODUCTO
TORNILLERIA,TORNILLO G-8,,458073,TORN HEX G-8 7/16X1-1/2,PRODUCTO
TORNILLERIA,TORNILLO G-8,,458074,TORN HEX G-8 3/8X1-1/4,PRODUCTO
TORNILLERIA,TORNILLO G-8,,458075,TORN HEX G-8 7/16X5,PRODUCTO
TORNILLERIA,TORNILLO G-8,,458076,TORN HEX G-8 5/8X9,PRODUCTO
TORNILLERIA,TORNILLO G-8,,458077,TORN HEX G-8 5/8X8,PRODUCTO
TORNILLERIA,TORNILLO G-8,,458078,TORN HEX G-8 5/8X6-1/2,PRODUCTO
TORNILLERIA,TORNILLO G-8,,458079,TORN HEX G-8 5/8X3,PRODUCTO
TORNILLERIA,TORNILLO G-8,,458080,TORN HEX G-8 5/8X3-1/2 D-200 TALLER,PRODUCTO
TORNILLERIA,TORNILLO G-8,,458081,TORN HEX G-8 7/8X3-1/2,PRODUCTO
TORNILLERIA,TORNILLO G-8,,458082,TORN HEX G-8 5/8X4-1/2,PRODUCTO
TORNILLERIA,TORNILLO G-8,,458083,TORN HEX G-8 1/2X1-1/4,PRODUCTO
TORNILLERIA,TORNILLO G-8,,458084,TORN HEX G-8 5/8X10,PRODUCTO
TORNILLERIA,TORNILLO G-8,,458085,TORN HEX G-8 5/8X5,PRODUCTO
TORNILLERIA,TORNILLO G-8,,458086,TORN HEX G-8 5/8X4,PRODUCTO
TORNILLERIA,TORNILLO G-8,,458087,TORN HEX G-8 7/8X2,PRODUCTO
TORNILLERIA,TORNILLO G-8,,458088,TORN HEX G-8 5/8X6,PRODUCTO
TORNILLERIA,TORNILLO G-8,,458089,TORN HEX G-8 7/8X3,PRODUCTO
TORNILLERIA,TORNILLO G-8,,458090,TORN HEX G-8 7/8X4,PRODUCTO
TORNILLERIA,TORNILLO G-8,,458091,TORN HEX G-8 7/8X4-1/2,PRODUCTO
TORNILLERIA,TORNILLO G-8,,458092,TORN HEX G-8 7/8X5,PRODUCTO
TORNILLERIA,TORNILLO G-8,,458093,TORN HEX G-8 7/8X6,PRODUCTO
TORNILLERIA,TORNILLO G-8,,458094,TORN HEX G-8 7/8X7,PRODUCTO
TORNILLERIA,TORNILLO G-8,,458095,TORN HEX G-8 7/8X8,PRODUCTO
TORNILLERIA,TORNILLO G-8,,458096,TORN HEX G-8 7/8X9,PRODUCTO
TORNILLERIA,TORNILLO G-8,,458097,TORN HEX G-8 7/8X10,PRODUCTO
TORNILLERIA,TORNILLO G-8,,458098,TORN HEX G-8 3/8X5 R.G,PRODUCTO
TORNILLERIA,TORNILLO G-8,,458099,TORN HEX G-8 3/8X4-1/2,PRODUCTO
TORNILLERIA,TORNILLO G-8,,458100,TORN HEX G-8 3/4X2,PRODUCTO
TORNILLERIA,TORNILLO G-8,,458120,TORN HEX G-8 3/4X14,PRODUCTO
TORNILLERIA,TORNILLO G-8,,458122,TORN HEX G-8 7/16X4-1/2,PRODUCTO
TORNILLERIA,TORNILLO G-8,,458123,TORN HEX G-8 7/16X3-1/2,PRODUCTO
TORNILLERIA,TORNILLO G-8,,458124,TORN HEX G-8 1/2X2 COMPLETO,PRODUCTO
TORNILLERIA,TORNILLO G-8,,458125,TORN HEX G-8 1/2X4,PRODUCTO
TORNILLERIA,TORNILLO G-8,,458130,TORN HEX G-8 1/4X2,PRODUCTO
TORNILLERIA,TORNILLO G-8,,458131,TORN HEX G-8 1/4X2-1/2,PRODUCTO
TORNILLERIA,TORNILLO G-8,,458132,TORN HEX G-8 5/16X1-1/2,PRODUCTO
TORNILLERIA,TORNILLO G-8,,458133,TORN HEX G-8 5/16X1-1/2 COMPLETO,PRODUCTO
TORNILLERIA,TORNILLO G-8,,458140,TORN HEX G-8 3/8X6,PRODUCTO
TORNILLERIA,TORNILLO G-8,,458150,TORN HEX G-8 7/8X2-1/2 D-200 CAH,PRODUCTO
TORNILLERIA,TORNILLO G-8,,458501,TORN HEX G-8 3/4X2-1/2,PRODUCTO
TORNILLERIA,TUERCA G-5,,425575,TUERCA HEX GR-5  1/4,PRODUCTO
TORNILLERIA,TUERCA G-5,,425577,TUERCA HEX GR-5  3/8,PRODUCTO
TORNILLERIA,TUERCA G-5,,425580,TUERCA HEX GR-5  3/4,PRODUCTO
TORNILLERIA,TUERCA G-5,,425582,TUERCA HEX GR-5 3/16 R.G.,PRODUCTO
TORNILLERIA,TUERCA G-5,,425583,TUERCA HEX GR-5  1/2,PRODUCTO
TORNILLERIA,TUERCA G-5,,425584,TUERCA HEX 1 GALV,PRODUCTO
TORNILLERIA,TUERCA G-5,,425585,TUERCA HEX GR-5  5/16,PRODUCTO
TORNILLERIA,TUERCA G-5,,425590,TUERCA HEX GR-5  5/8,PRODUCTO
TORNILLERIA,TUERCA G-5,,425595,TUERCA HEX GR-5  7/16,PRODUCTO
TORNILLERIA,TUERCA G-5,,425596,TUERCA HEX GR-5  9/16,PRODUCTO
TORNILLERIA,TUERCA G-5,,425600,TUERCA HEX GR-5  7/8,PRODUCTO
TORNILLERIA,TUERCA G-5,,425605,"TUERCA ROSCA FINA DE 1""",PRODUCTO
TORNILLERIA,TUERCA G-5,,425609,TUERCA ROSCA FINA 5/16,PRODUCTO
TORNILLERIA,TUERCA G-5,,426610,TUERCA DE SEGURIDAD 1-1/2,PRODUCTO
TORNILLERIA,TUERCA G-5,,426615,TUERCA HEX GR-5  1-1/2,PRODUCTO
TORNILLERIA,TUERCA G-5,,426620,TUERCA HEX GR-5  1-1/4 R/F,PRODUCTO
TORNILLERIA,TUERCA G-5,,426630,TUERCA HEX GR-5  1,PRODUCTO
TORNILLERIA,TUERCA G-5,,426640,TUERCA HEX GR-5  1/2 R/FINA,PRODUCTO
TORNILLERIA,TUERCA G-5,,426901,TUERCA HEX ROSCA FINA 7/8,PRODUCTO
TORNILLERIA,TUERCA G-5,,426950,TUERCA HEX GR-8  1-1/4 R.G.,PRODUCTO
TORNILLERIA,TUERCA G-5,,426951,TUERCA HEX GR-5  1-1/4 R.G. BAR,PRODUCTO
TORNILLERIA,TUERCA G-8,,426900,TUERCA HEX ROSCA FINA 3/4,PRODUCTO
TORNILLERIA,TUERCA G-8,,426902,TUERCA HEX 3/4 GALV,PRODUCTO
TORNILLERIA,TUERCA G-8,,426910,TUERCA HEX GR-8  5/8,PRODUCTO
TORNILLERIA,TUERCA G-8,,426911,TORN HEX GR-5 1/2X1-1/4,PRODUCTO
TORNILLERIA,TUERCA G-8,,426912,TUERCA HEX GR-8  5/16,PRODUCTO
TORNILLERIA,TUERCA G-8,,426920,TUERCA HEX GR-8  3/8,PRODUCTO
TORNILLERIA,TUERCA G-8,,426930,TUERCA HEX GR-8  1/2 R.G.,PRODUCTO
TORNILLERIA,TUERCA G-8,,426940,TUERCA HEX GR-8 3/4,PRODUCTO
TORNILLERIA,TUERCA G-8,,426941,TUERCA HEX GR-8  1-1/8,PRODUCTO
TORNILLERIA,TUERCA G-8,,426943,TUERCA HEX GR-8  9/16,PRODUCTO
TORNILLERIA,TUERCA G-8,,426945,"TUERCA HEX GR-8  1"" R.G.",PRODUCTO
TORNILLERIA,TUERCA G-8,,426946,ARANDELA PLANA 5/16,PRODUCTO
TORNILLERIA,TUERCA G-8,,426947,TUERCA HEX GR-5  7/16 R/FINA,PRODUCTO
TORNILLERIA,TUERCA G-8,,426948,TUERCA HEX GR-8  7/16,PRODUCTO
TORNILLERIA,TUERCA G-8,,426949,TUERCA HEX GR-8  7/8,PRODUCTO
TORNILLERIA,TUERCA G-8,,426955,TUERCA HEX GR-8  1-1/4 R.F.,PRODUCTO
TORNILLERIA,TUERCA G-8,,426956,TUERCA HEX GR-8  1-3/8 R.G,PRODUCTO
TORNILLERIA,TUERCA G-8,,426957,TUERCA HEX GR-8  1-3/4 R.G.,PRODUCTO
TORNILLERIA,TUERCA G-8,,426958,TUERCA HEX GR-8  2,PRODUCTO
VALVULAS,MATERIAL INDUSTRIAL,,773000,VALVULA DE PIE 2,PRODUCTO
VALVULAS,OTRAS VALVULAS,,102147,VALVULA PVC BOLA C/ROSCA 1/2,PRODUCTO
VALVULAS,OTRAS VALVULAS,,102158,VALVULA ESCUADRA 1/2X3/8 DOBLE,PRODUCTO
VALVULAS,OTRAS VALVULAS,,102166,"VALVULA DOCOL COMP 1""",PRODUCTO
VALVULAS,OTRAS VALVULAS,,102167,"VALVULA DOCOL COMP 1/2""",PRODUCTO
VALVULAS,OTRAS VALVULAS,,102179,VALVULA COMP TEKA 2,PRODUCTO
VALVULAS,OTRAS VALVULAS,,102181,VALVULA DOCOL C/R 3,PRODUCTO
VALVULAS,OTRAS VALVULAS,,102185,VALVULA OMEGA C/RAPIDO  1,PRODUCTO
VALVULAS,OTRAS VALVULAS,,102187,"VALVULA DOCOL COMP 2""",PRODUCTO
VALVULAS,OTRAS VALVULAS,,102189,VALVULA P/TANQUE DE GAS,PRODUCTO
VALVULAS,OTRAS VALVULAS,,610084,VALVULA COMP 1/4 800LB,PRODUCTO
VALVULAS,OTRAS VALVULAS,,610292,"VALVULA CLASS 150 35114 2""  FLANGEADA",PRODUCTO
VALVULAS,OTRAS VALVULAS,,610293,"VALVULA CLASS 150 35114 3"" FLANGEADA",PRODUCTO
VALVULAS,OTRAS VALVULAS,,610294,"VALVULA CLASS 150 35114 4""  FLANGEADA",PRODUCTO
VALVULAS,OTRAS VALVULAS,,610296,"VALVULA CLASS 150 35114 6"" FLANGEADA",PRODUCTO
VALVULAS,OTRAS VALVULAS,,750090,VALVULA H.N. CIERRE RAPIDO 1/2,PRODUCTO
VALVULAS,VALVULA DE CIERRE RAPIDO,,102125,VALVULA CIERRE RAPIDO SENA 1/2,PRODUCTO
VALVULAS,VALVULA DE CIERRE RAPIDO,,102126,VALVULA CIERRE RAPIDO SENA 3/4,PRODUCTO
VALVULAS,VALVULA DE CIERRE RAPIDO,,102127,VALVULA CIERRE RAPIDO SENA 1,PRODUCTO
VALVULAS,VALVULA DE CIERRE RAPIDO,,102131,VALVULA CIERRE RAPIDO GENEBRA 2,PRODUCTO
VALVULAS,VALVULA DE CIERRE RAPIDO,,102133,VALVULA DECA 1-1/4 CIER/RAP,PRODUCTO
VALVULAS,VALVULA DE CIERRE RAPIDO,,102134,VALVULA CIERRE RAPIDO GENEBRA 4,PRODUCTO
VALVULAS,VALVULA DE CIERRE RAPIDO,,102135,VALVULA PVC BOLA LISA 2,PRODUCTO
VALVULAS,VALVULA DE CIERRE RAPIDO,,102136,VALVULA CIERRE RAPIDO SENA 2,PRODUCTO
VALVULAS,VALVULA DE CIERRE RAPIDO,,102137,VALVULA CIERRE RAPIDO SENA 1-1/2,PRODUCTO
VALVULAS,VALVULA DE CIERRE RAPIDO,,102138,VALVULA CIERRE RAPIDO SENA 3,PRODUCTO
VALVULAS,VALVULA DE CIERRE RAPIDO,,102139,VALVULA CIERRE RAPIDO SENA 4,PRODUCTO
VALVULAS,VALVULA DE CIERRE RAPIDO,,102146,"VALVULA PVC BOLA LISA 2""",PRODUCTO
VALVULAS,VALVULA DE CIERRE RAPIDO,,102148,VALVULA CIER/RAP 1,PRODUCTO
VALVULAS,VALVULA DE CIERRE RAPIDO,,102149,VALVULA CIERRE RAPIDO GENEBRE 1-1/2,PRODUCTO
VALVULAS,VALVULA DE CIERRE RAPIDO,,102150,VALVULA BALIN TEKA 2 METALICA,PRODUCTO
VALVULAS,VALVULA DE CIERRE RAPIDO,,102151,VALVULA BALIN TEKA 1 METALICA,PRODUCTO
VALVULAS,VALVULA DE CIERRE RAPIDO,,102152,VALVULA BALIN 1/4 150PSI CIE/RAP,PRODUCTO
VALVULAS,VALVULA DE CIERRE RAPIDO,,102155,"VALVULA BALIN 3"" DECA S/R",PRODUCTO
VALVULAS,VALVULA DE CIERRE RAPIDO,,102159,VALVULA CIERRE RAPIDO GENEBRE 3/4,PRODUCTO
VALVULAS,VALVULA DE CIERRE RAPIDO,,102161,VALVULA PVC BOLA LISA 1-1/2,PRODUCTO
VALVULAS,VALVULA DE CIERRE RAPIDO,,102174,VALVULA DECA 1-1/2 CIE/RA,PRODUCTO
VALVULAS,VALVULA DE CIERRE RAPIDO,,102178,VALVULA DECA 1/2 CIER/RAP,PRODUCTO
VALVULAS,VALVULA DE CIERRE RAPIDO,,102184,VALVULA OMEGA C/RAPIDO 3/4,PRODUCTO
VALVULAS,VALVULA DE CIERRE RAPIDO,,102186,VALVULA DOCOL 1/2 C/RAPIDO,PRODUCTO
VALVULAS,VALVULA DE CIERRE RAPIDO,,102194,VALVULA DECA 2 CIER/RAP,PRODUCTO
VALVULAS,VALVULA DE CIERRE RAPIDO,,102195,VALVULA DECA 3/4 CIER/RAP,PRODUCTO
VALVULAS,VALVULA DE CIERRE RAPIDO,,102196,"VALVULA DECA ""1"" CIER/RAP",PRODUCTO
VALVULAS,VALVULA DE CIERRE RAPIDO,,102291,VALVULA CIERRE RAPIDO GENEBRA 1/2,PRODUCTO
VALVULAS,VALVULA DE CIERRE RAPIDO,,102292,VALVULA CIERRE RAPIDO GENEBRE A/IN 2,PRODUCTO
VALVULAS,VALVULA DE CIERRE RAPIDO,,610091,VALVULA CIERRE RAPIDO GENEBRA 3,PRODUCTO
VALVULAS,VALVULA DE COMPUERTA,,102141,VALVULA PVC BOLA C/ROSCA 1,PRODUCTO
VALVULAS,VALVULA DE COMPUERTA,,102142,VALVULA PVC BOLA LISA DE 3,PRODUCTO
VALVULAS,VALVULA DE COMPUERTA,,102143,VALVULA PVC BOLA  LISA 1,PRODUCTO
VALVULAS,VALVULA DE COMPUERTA,,102144,VALVULA PVC BOLA LISA 1/2,PRODUCTO
VALVULAS,VALVULA DE COMPUERTA,,102145,VALVULA PVC BOLA LISA 3/4,PRODUCTO
VALVULAS,VALVULA DE COMPUERTA,,102153,VALVULA BALIN TEKA1/2,PRODUCTO
VALVULAS,VALVULA DE COMPUERTA,,102154,VALVULA CIERRE RAPIDO GENEBRE 3/4 A/INOX,PRODUCTO
VALVULAS,VALVULA DE COMPUERTA,,102156,"VALVULA BOLA 4"" CIER/RAPI",PRODUCTO
VALVULAS,VALVULA DE COMPUERTA,,102160,VALVULA COMP DECA #4,PRODUCTO
VALVULAS,VALVULA DE COMPUERTA,,102162,VALVULA COMP DECA #2,PRODUCTO
VALVULAS,VALVULA DE COMPUERTA,,102163,VALVULA COMP DECA # 1-1/2,PRODUCTO
VALVULAS,VALVULA DE COMPUERTA,,102164,VALVULA COMP DECA #3,PRODUCTO
VALVULAS,VALVULA DE COMPUERTA,,102165,VALVULA DOCOL C/R DE 3/4,PRODUCTO
VALVULAS,VALVULA DE COMPUERTA,,102168,VALVULA CIERRE RA DECA #2,PRODUCTO
VALVULAS,VALVULA DE COMPUERTA,,102169,VALVULA PVC BOLA C/ROSCA 2 MAY,PRODUCTO
VALVULAS,VALVULA DE COMPUERTA,,102172,VALVULA COMP DECA #1,PRODUCTO
VALVULAS,VALVULA DE COMPUERTA,,102176,VALVULA COMP DECA DE 1/2,PRODUCTO
VALVULAS,VALVULA DE COMPUERTA,,102180,VALVULA COMP DECA DE 3/4,PRODUCTO
VALVULAS,VALVULA DE COMPUERTA,,102182,VALVULA COMP TEKA 1/2,PRODUCTO
VALVULAS,VALVULA DE COMPUERTA,,102183,VALVULA COMP DECA 1-1/4,PRODUCTO
VALVULAS,VALVULA DE COMPUERTA,,102188,VALVULA COMP DOCOL 1/2,PRODUCTO
VALVULAS,VALVULA DE COMPUERTA,,102190,VALVULA BOLA PVC #1 LISA,PRODUCTO
VALVULAS,VALVULA DE COMPUERTA,,102191,VALVULA BOLA PVC 1-1/4,PRODUCTO
VALVULAS,VALVULA DE COMPUERTA,,102192,"VALVULA BOLA PVC 2"" LISA",PRODUCTO
VALVULAS,VALVULA DE COMPUERTA,,102193,"VALVULA BOLA 2"" C/R ACERO/INOX",PRODUCTO
VALVULAS,VALVULA DE COMPUERTA,,102197,VALVULA COMP DOCOL 1-1/2,PRODUCTO
VALVULAS,VALVULA DE COMPUERTA,,102199,"VALVULA BOLA 3"" CIER/RAPI",PRODUCTO
VALVULAS,VALVULA DE COMPUERTA,,102220,GUIA P/LAVATRASTO,PRODUCTO
VALVULAS,VALVULA DE COMPUERTA,,102293,VALVULA COMP GENEBRE 2,PRODUCTO
VALVULAS,VALVULA DE COMPUERTA,,102294,VALVULA COMP GENEBRE 3,PRODUCTO
VALVULAS,VALVULAS CHINA S/M,,610210,VALVULA BRONCE COMP PN16 1/2,PRODUCTO
VALVULAS,VALVULAS CHINA S/M,,610211,VALVULA BRONCE COMP PN-10 3/4,PRODUCTO
VALVULAS,VALVULAS CHINA S/M,,610213,"VALVULA BRONCE COMP PN-16 1""",PRODUCTO
VALVULAS,VALVULAS CHINA S/M,,610214,VALVULA BRONCE COMP PN-16 1-1/2,PRODUCTO
VALVULAS,VALVULAS CHINA S/M,,610215,VALVULA BRONCE COMP PN-16 2,PRODUCTO
VALVULAS,VALVULAS CHINA S/M,,610218,VALVULA BRONCE COMP PN-16 3,PRODUCTO
VALVULAS,VALVULAS CHINA S/M,,610219,VALVULA BRONCE COMP PN-16 4,PRODUCTO
VALVULAS,VALVULAS CHINA S/M,,610220,VALVULA NEGRA COMP FLAN 125PSI 3,PRODUCTO
VALVULAS,VALVULAS CHINA S/M,,610222,VALVULA NEGRA COMP FLAN 125PSI 4,PRODUCTO
VALVULAS,VALVULAS CHINA S/M,,610224,VALVULA NEGRA COMP FLAN 125PSI 6,PRODUCTO
VALVULAS,VALVULAS CHINA S/M,,610226,VALVULA NEGRA COMP FLAN 125PSI 8,PRODUCTO
VALVULAS,VALVULAS CHINA S/M,,610230,VALVULA NEGRA COMP FLAN 150PSI 3,PRODUCTO
VALVULAS,VALVULAS CHINA S/M,,610232,VALVULA NEGRA COMP FLAN 150PSI 4,PRODUCTO
VALVULAS,VALVULAS CHINA S/M,,610234,VALVULA NEGRA COMP FLAN 150PSI 6,PRODUCTO
VALVULAS,VALVULAS CHINA S/M,,610236,VALVULA NEGRA COMP FLAN 150PSI 8,PRODUCTO
VALVULAS,VALVULAS CHINA S/M,,610240,VALVULA C/IND DE ABERTURA 150 PSI 4,PRODUCTO
VALVULAS,VALVULAS CHINA S/M,,610242,VALVULA C/IND DE ABERTURA 150PSI 6,PRODUCTO
VALVULAS,VALVULAS CHINA S/M,,610244,VALVULA C/IND DE ABERTURA 150PSI 8,PRODUCTO
VALVULAS,VALVULAS CHINA S/M,,610246,VALVULA C/IND DE ABERTURA 150PSI 10,PRODUCTO
VALVULAS,VALVULAS DE CONSTRUCCION,,102157,VALVULA P/BAÃ‘O 1/2 GRIFO,PRODUCTO
VALVULAS,VALVULAS DE PSI,,310131,"VALVULA MARIPOSA 4"" 150-PSI",PRODUCTO
VALVULAS,VALVULAS INDUSTRIALES,,102170,VALVULA COMP TEKA 1-1/4,PRODUCTO
VALVULAS,VALVULAS INDUSTRIALES,,102177,VALVULA COMP TEKA 1,PRODUCTO
VALVULAS,VALVULAS INDUSTRIALES,,600165,VALVULA GLOBO 1/2 800PSI,PRODUCTO
VALVULAS,VALVULAS INDUSTRIALES,,607542,PISTOLA D/CALOR TRUPER 16-432 MAS,PRODUCTO
VALVULAS,VALVULAS INDUSTRIALES,,610018,"VALVULA COMP 3"" BRONCE",PRODUCTO
VALVULAS,VALVULAS INDUSTRIALES,,610020,VALVULA BALIN 600PSI 1/2,PRODUCTO
VALVULAS,VALVULAS INDUSTRIALES,,610025,VALVULA COMPUE #1 300 PSI,PRODUCTO
VALVULAS,VALVULAS INDUSTRIALES,,610030,VALVULA COMP 2 TEKA,PRODUCTO
VALVULAS,VALVULAS INDUSTRIALES,,610032,VALVULA P/USAR EN LATA 134,PRODUCTO
VALVULAS,VALVULAS INDUSTRIALES,,610034,VALVULA 1/2NPT C/R BRONCE,PRODUCTO
VALVULAS,VALVULAS INDUSTRIALES,,610036,"VALVULA COMP FLAN 2""150PS",PRODUCTO
VALVULAS,VALVULAS INDUSTRIALES,,610038,"VALVULA COMP FLAN 3""150PS",PRODUCTO
VALVULAS,VALVULAS INDUSTRIALES,,610040,VALVULA COMP FLAN 4 150PS,PRODUCTO
VALVULAS,VALVULAS INDUSTRIALES,,610042,"VALVULA COM FLAN 2""300PSI",PRODUCTO
VALVULAS,VALVULAS INDUSTRIALES,,610050,"VALVULA COMP FLAN 6""150PS",PRODUCTO
VALVULAS,VALVULAS INDUSTRIALES,,610052,VALVULA COMP BLASS 4,PRODUCTO
VALVULAS,VALVULAS INDUSTRIALES,,610054,"VALVULA COMP FLAN 8"" 150P",PRODUCTO
VALVULAS,VALVULAS INDUSTRIALES,,610056,"VALV COMP FLAN 12"" 125PSI",PRODUCTO
VALVULAS,VALVULAS INDUSTRIALES,,610057,VALVULA COMP FLAN 4 300,PRODUCTO
VALVULAS,VALVULAS INDUSTRIALES,,610058,"VALVULA COMP FLAN 4"" 125P",PRODUCTO
VALVULAS,VALVULAS INDUSTRIALES,,610060,"VALVULA COMP 3"" 125 PSI",PRODUCTO
VALVULAS,VALVULAS INDUSTRIALES,,610061,VALVULA COMP 3/4 200PSI,PRODUCTO
VALVULAS,VALVULAS INDUSTRIALES,,610062,VALVULA COMPUERTA 150PSI DE 3/4,PRODUCTO
VALVULAS,VALVULAS INDUSTRIALES,,610063,VALVULA COMP 3/4 600PSI,PRODUCTO
VALVULAS,VALVULAS INDUSTRIALES,,610064,VALVULA COMP 3/8 125PSI,PRODUCTO
VALVULAS,VALVULAS INDUSTRIALES,,610065,VALV COMPUE 1-1/4 150PSI,PRODUCTO
VALVULAS,VALVULAS INDUSTRIALES,,610070,VALVULA COMP 1-1/2 150PSI,PRODUCTO
VALVULAS,VALVULAS INDUSTRIALES,,610072,VALVULA COMP 1-1/4 150 PSI,PRODUCTO
VALVULAS,VALVULAS INDUSTRIALES,,610073,VALVULA COMP 1 150PSI,PRODUCTO
VALVULAS,VALVULAS INDUSTRIALES,,610075,VALVULA COMP 3/8 150PSI,PRODUCTO
VALVULAS,VALVULAS INDUSTRIALES,,610077,"VALV COMP 8"" FLAN 125PSI",PRODUCTO
VALVULAS,VALVULAS INDUSTRIALES,,610078,VALVULA COMP 2 150PSI,PRODUCTO
VALVULAS,VALVULAS INDUSTRIALES,,610080,VALVULA COMP 3/4 150PSI,PRODUCTO
VALVULAS,VALVULAS INDUSTRIALES,,610081,VALVULA CHECK 1,PRODUCTO
VALVULAS,VALVULAS INDUSTRIALES,,610082,VALVULA CIERRE RAPIDO 1 GENEBRE,PRODUCTO
VALVULAS,VALVULAS INDUSTRIALES,,610083,VALVULA COMP 1/4 150PSI,PRODUCTO
VALVULAS,VALVULAS INDUSTRIALES,,610085,VALVULA COMP 1/2 150PSI,PRODUCTO
VALVULAS,VALVULAS INDUSTRIALES,,610086,VALVULA COMP 1/2 200PSI B,PRODUCTO
VALVULAS,VALVULAS INDUSTRIALES,,610087,VALVULA 3/4 150PSI P/RAPIDO ACE/INOX,PRODUCTO
VALVULAS,VALVULAS INDUSTRIALES,,610089,VALVULA 1 150PSI CIER/RAP,PRODUCTO
VALVULAS,VALVULAS INDUSTRIALES,,610090,VALVULA CIERRE RAPIDO GENEBRE 3,PRODUCTO
VALVULAS,VALVULAS INDUSTRIALES,,610092,"VALVULA CHECK 3/4""",PRODUCTO
VALVULAS,VALVULAS INDUSTRIALES,,610093,VALVULA CHECK 1/2 BRONCE,PRODUCTO
VALVULAS,VALVULAS INDUSTRIALES,,610094,"VALVULA CHECK 1""HORIZONTAL ROSCABLE",PRODUCTO
VALVULAS,VALVULAS INDUSTRIALES,,610095,VALVULA CHECK 1-1/2,PRODUCTO
VALVULAS,VALVULAS INDUSTRIALES,,610096,"VALVULA CHECK TIPO PISTON 1"" 800 PSI",PRODUCTO
VALVULAS,VALVULAS INDUSTRIALES,,610097,VALVULA CHECK 2,PRODUCTO
VALVULAS,VALVULAS INDUSTRIALES,,610098,"VALVULA CHECK 2""150PS FLA",PRODUCTO
VALVULAS,VALVULAS INDUSTRIALES,,610100,"VALVULA CHECK 3""",PRODUCTO
VALVULAS,VALVULAS INDUSTRIALES,,610101,VALVULA CHECK 1-1/4,PRODUCTO
VALVULAS,VALVULAS INDUSTRIALES,,610102,"VALVULA CHECK 4""200PS FLA",PRODUCTO
VALVULAS,VALVULAS INDUSTRIALES,,610103,VALVULA C/R #116 3/4 GAL,PRODUCTO
VALVULAS,VALVULAS INDUSTRIALES,,610104,"VALVULA C/R #116 2"" GAL",PRODUCTO
VALVULAS,VALVULAS INDUSTRIALES,,610108,"VALVULA CHECK 4""",PRODUCTO
VALVULAS,VALVULAS INDUSTRIALES,,610109,VALVULA CHECK DE 6 FLANGEADA 150PSI,PRODUCTO
VALVULAS,VALVULAS INDUSTRIALES,,610110,VALVULA CHECK 8 125PSI FLANGEADA,PRODUCTO
VALVULAS,VALVULAS INDUSTRIALES,,610111,"VALVULA CHECK 2"" H.N. CLASE 800",PRODUCTO
VALVULAS,VALVULAS INDUSTRIALES,,610120,"VALVULA MARIPOSA 8"" 150PS",PRODUCTO
VALVULAS,VALVULAS INDUSTRIALES,,610130,"VALVULA MARIPOSA 3""",PRODUCTO
VALVULAS,VALVULAS INDUSTRIALES,,610131,VALVULA MARIPOSA 4 150 PSI,PRODUCTO
VALVULAS,VALVULAS INDUSTRIALES,,610135,VALVULA MARIPOSA GEMEBRE DE 6,PRODUCTO
VALVULAS,VALVULAS INDUSTRIALES,,610136,VALVULA MARIPOSA DE 6 150 PSI,PRODUCTO
VALVULAS,VALVULAS INDUSTRIALES,,610140,VALVULA S/R 1/2 125PS A/I,PRODUCTO
VALVULAS,VALVULAS INDUSTRIALES,,610142,VALV GLOBO 1 150PSI ROSCA,PRODUCTO
VALVULAS,VALVULAS INDUSTRIALES,,610144,VALV GLOBO 3/4 150PSI ROS,PRODUCTO
VALVULAS,VALVULAS INDUSTRIALES,,610146,VALV GLOBO 1/2 150PSI ROS,PRODUCTO
VALVULAS,VALVULAS INDUSTRIALES,,610148,VALVULA GLOBO 3/4 300PSI,PRODUCTO
VALVULAS,VALVULAS INDUSTRIALES,,610149,VALVULA GLOBO DE 3/4 200PSI,PRODUCTO
VALVULAS,VALVULAS INDUSTRIALES,,610150,"VALVULA GLOBO 2"" 125 PSI",PRODUCTO
VALVULAS,VALVULAS INDUSTRIALES,,610151,"VALVULA GLOBO 2"" 150 PSI ROSC",PRODUCTO
VALVULAS,VALVULAS INDUSTRIALES,,610153,VALVULA GLOBO 1 150PSI,PRODUCTO
VALVULAS,VALVULAS INDUSTRIALES,,610155,VALVULA GLOBO 1-1/2 150PS,PRODUCTO
VALVULAS,VALVULAS INDUSTRIALES,,610156,VALVULA GLOBO 1-1/4 300PS,PRODUCTO
VALVULAS,VALVULAS INDUSTRIALES,,610159,VALVULA GLOBO 1-1/2 800 PSI,PRODUCTO
VALVULAS,VALVULAS INDUSTRIALES,,610160,VALVULA GLOBO 3/4,PRODUCTO
VALVULAS,VALVULAS INDUSTRIALES,,610161,VALVULA GLOBO 1/2 800PSI,PRODUCTO
VALVULAS,VALVULAS INDUSTRIALES,,610162,VALVULA GLOBO 1/2 125PSI,PRODUCTO
VALVULAS,VALVULAS INDUSTRIALES,,610168,"VALVULA BRONCE 1"" CIE/RAP",PRODUCTO
VALVULAS,VALVULAS INDUSTRIALES,,610170,VALVULA SELENOI 1/4 120VL,PRODUCTO
VALVULAS,VALVULAS INDUSTRIALES,,610172,VALVULA SOLENOIDE 3 VIAS 8316G026 (ASCO),PRODUCTO
VALVULAS,VALVULAS INDUSTRIALES,,610180,VALVULA BOLA 250PSI 1-1/4,PRODUCTO
VALVULAS,VALVULAS INDUSTRIALES,,610181,VALVULA RECTA 1/2X3/8 VIK 537 CP,PRODUCTO
VALVULAS,VALVULAS INDUSTRIALES,,610182,VALVULA ESCUADRA 1/2X3/8 VIK 539 CP,PRODUCTO
VALVULAS,VALVULAS INDUSTRIALES,,610188,VALVULA RECTA 1/2X3/8,PRODUCTO
VALVULAS,VALVULAS INDUSTRIALES,,610190,VALVULA ESCUA 1/2X3/8 ANGULAR ARCO,PRODUCTO
VALVULAS,VALVULAS INDUSTRIALES,,610191,VALVULA ESCUA 1/2X3/8  CASTOR,PRODUCTO
VALVULAS,VALVULAS INDUSTRIALES,,610192,VALVULA RECTA 1/4X1/2 P/SANITARIO,PRODUCTO
VALVULAS,VALVULAS INDUSTRIALES,,610195,VALVULA P/BARRIL 3/4,PRODUCTO
VALVULAS,VALVULAS INDUSTRIALES,,610196,"VALVULA DE PIE DE 3""",PRODUCTO
VALVULAS,VALVULAS INDUSTRIALES,,610197,VALVULA CHECK 1/2 800PSI,PRODUCTO
VALVULAS,VALVULAS INDUSTRIALES,,610203,VALVULA BRONCE C/RAP 3/4,PRODUCTO
VALVULAS,VALVULAS INDUSTRIALES,,610204,VALVULA BALIN H.N. 1,PRODUCTO
VALVULAS,VALVULAS INDUSTRIALES,,610205,VALVULA BALIN H.N. 2,PRODUCTO
VALVULAS,VALVULAS NEWCO,,60606,VALV COM FLAN 6 13F-CB2 300PSI WCF,PRODUCTO
VALVULAS,VALVULAS NEWCO,,606001,VALV COM FLAN 2 11F-CB2 300PSI WCF,PRODUCTO
VALVULAS,VALVULAS NEWCO,,606002,VALV COM FLAN 2 11F-CB2 150PSI WCF,PRODUCTO
VALVULAS,VALVULAS NEWCO,,606003,VALV COM FLAN 3 11F-CB2 150PSI WCF D-2 C,PRODUCTO
VALVULAS,VALVULAS NEWCO,,606004,VALV COM FLAN 4 13F-CB2 300PSI WCF,PRODUCTO
VALVULAS,VALVULAS NEWCO,,606006,VALV COM FLAN 6 13F-CB2 300PSI WCF,PRODUCTO
VALVULAS,VALVULAS NEWCO,,606007,VALV COM FLAN 10 11F-CB2 150PSI WCF,PRODUCTO
VALVULAS,VALVULAS NEWCO,,606008,VALV COM FLAN 8 13F-CB2 300PSI WCF,PRODUCTO
VALVULAS,VALVULAS NEWCO,,606010,VALV COM FLAN 10 13F-CB2 300PSI WCF,PRODUCTO
VALVULAS,VALVULAS NEWCO,,606016,VALV COM FLAN 16 11F-CB2 150PSI WCF,PRODUCTO
VALVULAS,VALVULAS NEWCO,,606020,VALV CHECK  FLAN 6 31F-CB2 150PSI WCF,PRODUCTO
VALVULAS,VALVULAS NEWCO,,606191,VALV COM FLAN 4 11F-CB2 150PSI WCF,PRODUCTO
VALVULAS,VALVULAS NEWCO,,606192,VALV COM FLAN 6 11F-CB2 150PSI WCF,PRODUCTO
VALVULAS,VALVULAS NEWCO,,606193,VALV COM FLAN 8 11F-CB2 150PSI WCF,PRODUCTO
VALVULAS,VALVULAS NEWCO,,606194,VALV COM FLAN 12 11F-CB2 150PSI WCF,PRODUCTO
VALVULAS,VALVULAS NEWCO,,606195,VALV COM FLAN 14 11F-CB2 150PSI WCF,PRODUCTO
VALVULAS,VALVULAS NEWCO,,606196,VALV COM FLAN 4 12F-IB7 125PSI IRN,PRODUCTO
VALVULAS,VALVULAS NEWCO,,606197,VALV COM FLAN 6 12F-IB7 125PSI IRN,PRODUCTO
VALVULAS,VALVULAS NEWCO,,606198,VALV COM FLAN 8 12F-IB7 125PSI IRN,PRODUCTO
VALVULAS,VALVULAS NEWCO,,606199,VALV COM FLAN 24 11F-CB2 150PSI WCF,PRODUCTO
VALVULAS,VALVULAS NEWCO,,606300,VALV COMP 3/8 800 18-FS2-RP NEWCO,PRODUCTO
VALVULAS,VALVULAS NEWCO,,606302,VALV COMP 3/4 800 18-FS2-RP NEWCO,PRODUCTO
VALVULAS,VALVULAS NEWCO,,606304,VALV COMP 1 800 18-FS2-RP NEWCO,PRODUCTO
VALVULAS,VALVULAS NEWCO,,606305,VALV COMP 1-1/2 800 18-FS2-RP NEWCO,PRODUCTO
VALVULAS,VALVULAS NEWCO,,606306,VALV COMP 2 800 18-FS2-RP NEWCO,PRODUCTO
VALVULAS,VALVULAS NIBCO,,606110,VALV T113 COMP NIBCO 1/2 125PSI,PRODUCTO
VALVULAS,VALVULAS NIBCO,,606111,VALV T113 COMP NIBCO 3/4  125PSI,PRODUCTO
VALVULAS,VALVULAS NIBCO,,606112,VALV T113 COMP NIBCO 1 125PSI,PRODUCTO
VALVULAS,VALVULAS NIBCO,,606113,VALV T113 COMP NIBCO 1-1/2  125PSI,PRODUCTO
VALVULAS,VALVULAS NIBCO,,606114,VALV T113 COMP NIBCO 2  125PSI,PRODUCTO
VALVULAS,VALVULAS NIBCO,,606116,VALV T113 COMP NIBCO 3 125PSI,PRODUCTO
VALVULAS,VALVULAS NIBCO,,606120,VALV F.6170 COMP FLG NIBCO 3 125PSI,PRODUCTO
VALVULAS,VALVULAS NIBCO,,606122,VALV F.6170 COMP FLG NIBCO 4 125PSI,PRODUCTO
VALVULAS,VALVULAS NIBCO,,606124,VALV F.6170 COMP FLG NIBCO 6 125PSI,PRODUCTO
VALVULAS,VALVULAS NIBCO,,606126,VALV F.6170 COMP FLG NIBCO 8 125PSI,PRODUCTO
VALVULAS,VALVULAS NIBCO,,606128,VALV F.6170 COMP FLG NIBCO 10 125PSI,PRODUCTO
VALVULAS,VALVULAS NIBCO,,606129,VALV F6170 COMP FLG NIBCO 12 125PSI,PRODUCTO
VALVULAS,VALVULAS NIBCO,,606130,VALV T133 COMP NIBCO 1/2 150 PSI,PRODUCTO
VALVULAS,VALVULAS NIBCO,,606131,VALV T133 COMP NIBCO 3/4 150 PSI,PRODUCTO
VALVULAS,VALVULAS NIBCO,,606132,VALV T133 COMP NIBCO 1 150 PSI,PRODUCTO
VALVULAS,VALVULAS NIBCO,,606133,VALV T133 COMP NIBCO 1-1/2 150 PSI,PRODUCTO
VALVULAS,VALVULAS NIBCO,,606134,VALV T133 COMP NIBCO 2 150 PSI,PRODUCTO
VALVULAS,VALVULAS NIBCO,,606135,VALV T133 COMP NIBCO 3 150 PSI,PRODUCTO
VALVULAS,VALVULAS NIBCO,,606136,VALV T133 COMP NIBCO 1-1/4 150 PSI,PRODUCTO
VALVULAS,VALVULAS NIBCO,,606140,VALV F63731 COMP FLG NIBCO 3 150 PSI,PRODUCTO
VALVULAS,VALVULAS NIBCO,,606142,VALV F63731 COMP FLG NIBCO 4 150 PSI,PRODUCTO
VALVULAS,VALVULAS NIBCO,,606144,VALV F63731 COMP FLG NIBCO 6 150 PSI,PRODUCTO
VALVULAS,VALVULAS NIBCO,,606146,VALV F63731 COMP FLG NIBCO 8 150 PSI,PRODUCTO
VALVULAS,VALVULAS NIBCO,,606148,VALV F63731 COMP FLG NIBCO 10 150 D-CHOL,PRODUCTO
VALVULAS,VALVULAS NIBCO,,606150,VALV N200235 MARI NIBCO 4 150 PSI,PRODUCTO
VALVULAS,VALVULAS NIBCO,,606152,VALV N200235 MARI NIBCO 6 150 PSI,PRODUCTO
VALVULAS,VALVULAS NIBCO,,606153,VALV N200235 MARI NIBCO 3 150 PSI,PRODUCTO
VALVULAS,VALVULAS NIBCO,,606154,VALV N200235 MARI NIBCO 8 150 PSI,PRODUCTO
VALVULAS,VALVULAS NIBCO,,606156,VALV N200235 MARI NIBCO 10 150 PSI,PRODUCTO
VALVULAS,VALVULAS NIBCO,,606158,VALV N200235 MARI NIBCO 12 150 PSI,PRODUCTO
VALVULAS,VALVULAS NIBCO,,606160,VALV T174A COMP NIBCO 1/2 300PSI,PRODUCTO
VALVULAS,VALVULAS NIBCO,,606161,VALV T174A COMP NIBCO 3/4 300PSI,PRODUCTO
VALVULAS,VALVULAS NIBCO,,606162,VALV T174A COMP NIBCO 1 300PSI,PRODUCTO
VALVULAS,VALVULAS NIBCO,,606163,VALV T174A COMP NIBCO 1-1/2 300PSI,PRODUCTO
VALVULAS,VALVULAS NIBCO,,606173,VALV F918B CHECK FLG NIBCO 3,PRODUCTO
VALVULAS,VALVULAS NIBCO,,606174,VALV F918B CHECK FLG NIBCO 4,PRODUCTO
VALVULAS,VALVULAS NIBCO,,606176,VALV F918B CHECK FLG NIBCO 6,PRODUCTO
VALVULAS,VALVULAS NIBCO,,606178,VALV F918B CHECK FLG NIBCO 8,PRODUCTO
VALVULAS,VALVULAS NIBCO,,606180,VALV TFP600 C/R NIBCO 1/2,PRODUCTO
VALVULAS,VALVULAS NIBCO,,606181,VALV TFP600 C/R NIBCO 3/4,PRODUCTO
VALVULAS,VALVULAS NIBCO,,606183,VALV TFP600 C/R NIBCO 1,PRODUCTO
VALVULAS,VALVULAS NIBCO,,606185,VALV T473B 1/2 THD 300 CHECK Y,PRODUCTO
VALVULAS,VALVULAS NIBCO,,606186,VALV T473B 3/4 THD 300 CHECK Y,PRODUCTO
VALVULAS,VALVULAS TYCO,,606200,SELLO EPDM 6 SERIE 8000,PRODUCTO
VALVULAS,VALVULAS TYCO,,606201,SELLO EPDM 8 SERIE 8000,PRODUCTO
VALVULAS,VALVULAS TYCO,,606202,SELLO EPDM 10 SERIE 8000,PRODUCTO
VALVULAS,VALVULAS TYCO,,606203,SELLO EPDM 12 SERIE 8000,PRODUCTO
VALVULAS,VALVULAS TYCO,,606204,SELLO EPDM 20 SERIE 8000,PRODUCTO
VALVULAS,VALVULAS TYCO,,606205,SELLO EPDM 24 SERIE 8000,PRODUCTO
VALVULAS,VALVULAS TYCO,,610121,VALV MARIPO WC 82716 8 GRINNELL 250PSI,PRODUCTO
VALVULAS,VALVULAS TYCO,,610122,VALV MARIPO WC 82716 4 GRINNELL 250PSI,PRODUCTO
VALVULAS,VALVULAS TYCO,,610123,VALV MARIPO WC 82716 6 GRINNELL 250PSI,PRODUCTO
VALVULAS,VALVULAS TYCO,,610124,VALV MARIPO WC 82716 10 GRINNELL 250PSI,PRODUCTO
